default,url_name,,,,,,,,http://www.satsa.com/item/
1-2-Go-Tours,http://www.satsa.com/item/1-2-Go-Tours,,,,,,,,
7th-Sense-Travel-cc,http://www.satsa.com/item/7th-Sense-Travel-cc,,,,,,,,
A.T.G.-Africa-Travel-Group-(Pty)-Ltd,http://www.satsa.com/item/A.T.G.-Africa-Travel-Group-(Pty)-Ltd,,,,,,,,
AATS-Tours-cc,http://www.satsa.com/item/AATS-Tours-cc,,,,,,,,
Abercrombie-&-Kent-Safaris-(Pty)-Ltd,http://www.satsa.com/item/Abercrombie-&-Kent-Safaris-(Pty)-Ltd,,,,,,,,
Acacia-Africa,http://www.satsa.com/item/Acacia-Africa,,,,,,,,
Access-Southern-Africa,http://www.satsa.com/item/Access-Southern-Africa,,,,,,,,
Acrobranch-Adventure-Park-cc,http://www.satsa.com/item/Acrobranch-Adventure-Park-cc,,,,,,,,
Acrux-Safari-Company,http://www.satsa.com/item/Acrux-Safari-Company,,,,,,,,
ACSA---Airports-Company-of-South-Africa,http://www.satsa.com/item/ACSA---Airports-Company-of-South-Africa,,,,,,,,
Active-Africa-Adventures-and-Touring-cc,http://www.satsa.com/item/Active-Africa-Adventures-and-Touring-cc,,,,,,,,
Adlen-Tour-&-Travel-(PTY)-LTD,http://www.satsa.com/item/Adlen-Tour-&-Travel-(PTY)-LTD,,,,,,,,
Adore-Africa,http://www.satsa.com/item/Adore-Africa,,,,,,,,
Adventour-(Pty)-Ltd,http://www.satsa.com/item/Adventour-(Pty)-Ltd,,,,,,,,
Adventure-Works-cc,http://www.satsa.com/item/Adventure-Works-cc,,,,,,,,
Africa-2000-Tours,http://www.satsa.com/item/Africa-2000-Tours,,,,,,,,
Africa-Adventure-Travel,http://www.satsa.com/item/Africa-Adventure-Travel,,,,,,,,
Africa-And-You,http://www.satsa.com/item/Africa-And-You,,,,,,,,
Africa-Awaits-cc,http://www.satsa.com/item/Africa-Awaits-cc,,,,,,,,
Africa-Bespoke,http://www.satsa.com/item/Africa-Bespoke,,,,,,,,
Africa-By-Design,http://www.satsa.com/item/Africa-By-Design,,,,,,,,
Africa-Collection-Travel-(Pty)-Ltd,http://www.satsa.com/item/Africa-Collection-Travel-(Pty)-Ltd,,,,,,,,
Africa-Complete,http://www.satsa.com/item/Africa-Complete,,,,,,,,
Africa-Focus-Tours,http://www.satsa.com/item/Africa-Focus-Tours,,,,,,,,
Africa-Geographic-Travel,http://www.satsa.com/item/Africa-Geographic-Travel,,,,,,,,
Africa-Golf-and-Travel,http://www.satsa.com/item/Africa-Golf-and-Travel,,,,,,,,
Africa-Incoming-(Pty)-Ltd,http://www.satsa.com/item/Africa-Incoming-(Pty)-Ltd,,,,,,,,
Africa-Memories-Travel,http://www.satsa.com/item/Africa-Memories-Travel,,,,,,,,
Africa-Moja-Tours-&-Transfers,http://www.satsa.com/item/Africa-Moja-Tours-&-Transfers,,,,,,,,
Africa-Online-Safaris-(Pty)-Ltd,http://www.satsa.com/item/Africa-Online-Safaris-(Pty)-Ltd,,,,,,,,
Africa-Spear-Safaris,http://www.satsa.com/item/Africa-Spear-Safaris,,,,,,,,
Africa-Tailormade,http://www.satsa.com/item/Africa-Tailormade,,,,,,,,
Africa-Uncovered,http://www.satsa.com/item/Africa-Uncovered,,,,,,,,
Africa-VIP-tours,http://www.satsa.com/item/Africa-VIP-tours,,,,,,,,
africaMASSIVE,http://www.satsa.com/item/africaMASSIVE,,,,,,,,
African-Ample-Assistance,http://www.satsa.com/item/African-Ample-Assistance,,,,,,,,
African-Angel-Tours,http://www.satsa.com/item/African-Angel-Tours,,,,,,,,
African-Authentic-Experience,http://www.satsa.com/item/African-Authentic-Experience,,,,,,,,
African-Avenue-Tourism-cc,http://www.satsa.com/item/African-Avenue-Tourism-cc,,,,,,,,
African-Big-5-Safaris,http://www.satsa.com/item/African-Big-5-Safaris,,,,,,,,
African-Bikers-Tours-cc,http://www.satsa.com/item/African-Bikers-Tours-cc,,,,,,,,
African-Blue-Tours,http://www.satsa.com/item/African-Blue-Tours,,,,,,,,
African-Budget-Safaris-cc,http://www.satsa.com/item/African-Budget-Safaris-cc,,,,,,,,
African-Destinations-Tours-Pty-Ltd,http://www.satsa.com/item/African-Destinations-Tours-Pty-Ltd,,,,,,,,
African-Drumbeat,http://www.satsa.com/item/African-Drumbeat,,,,,,,,
African-Eagle-of-Southern-African-Territories,http://www.satsa.com/item/African-Eagle-of-Southern-African-Territories,,,,,,,,
African-Escape-Travel,http://www.satsa.com/item/African-Escape-Travel,,,,,,,,
African-Exposure-&-Safari,http://www.satsa.com/item/African-Exposure-&-Safari,,,,,,,,
African-Flying-Operations,http://www.satsa.com/item/African-Flying-Operations,,,,,,,,
African-Impact-Sales-&-Marketing-cc,http://www.satsa.com/item/African-Impact-Sales-&-Marketing-cc,,,,,,,,
African-Insight,http://www.satsa.com/item/African-Insight,,,,,,,,
African-Insight-Tours-Pty-Ltd,http://www.satsa.com/item/African-Insight-Tours-Pty-Ltd,,,,,,,,
African-Link-Tourism-(Pty)-Ltd,http://www.satsa.com/item/African-Link-Tourism-(Pty)-Ltd,,,,,,,,
African-Lynx-Travel,http://www.satsa.com/item/African-Lynx-Travel,,,,,,,,
African-Moments-Travel-Pty-Ltd,http://www.satsa.com/item/African-Moments-Travel-Pty-Ltd,,,,,,,,
African-Outposts,http://www.satsa.com/item/African-Outposts,,,,,,,,
African-Pathfinder,http://www.satsa.com/item/African-Pathfinder,,,,,,,,
African-Pride-Tours,http://www.satsa.com/item/African-Pride-Tours,,,,,,,,
African-Rock-Hotel-&-Spa,http://www.satsa.com/item/African-Rock-Hotel-&-Spa,,,,,,,,
African-Rondi,http://www.satsa.com/item/African-Rondi,,,,,,,,
African-Safari-Adventures,http://www.satsa.com/item/African-Safari-Adventures,,,,,,,,
African-Safari-Group,http://www.satsa.com/item/African-Safari-Group,,,,,,,,
African-Safari-Home-/-Personal-Africa,http://www.satsa.com/item/African-Safari-Home-/-Personal-Africa,,,,,,,,
African-Safari-Vacations,http://www.satsa.com/item/African-Safari-Vacations,,,,,,,,
African-Savanna-Travel,http://www.satsa.com/item/African-Savanna-Travel,,,,,,,,
African-Sensations-(Pty)-Ltd.,http://www.satsa.com/item/African-Sensations-(Pty)-Ltd.,,,,,,,,
African-Sky-of-Diamonds,http://www.satsa.com/item/African-Sky-of-Diamonds,,,,,,,,
African-Sky-Safaris-&-Tours-(Pty)-Ltd,http://www.satsa.com/item/African-Sky-Safaris-&-Tours-(Pty)-Ltd,,,,,,,,
African-Spiral-Travel-cc,http://www.satsa.com/item/African-Spiral-Travel-cc,,,,,,,,
African-Sports-Safaris,http://www.satsa.com/item/African-Sports-Safaris,,,,,,,,
African-Sunsets-Travel,http://www.satsa.com/item/African-Sunsets-Travel,,,,,,,,
African-Tapestry-cc-(also-trading-as-Safari-beyond-Words---luxury-division),http://www.satsa.com/item/African-Tapestry-cc-(also-trading-as-Safari-beyond-Words---luxury-division),,,,,,,,
African-Travel-Desk,http://www.satsa.com/item/African-Travel-Desk,,,,,,,,
African-Travel-Gateway-cc,http://www.satsa.com/item/African-Travel-Gateway-cc,,,,,,,,
African-Twist-Travel,http://www.satsa.com/item/African-Twist-Travel,,,,,,,,
African-Wanderer-cc,http://www.satsa.com/item/African-Wanderer-cc,,,,,,,,
African-Welcome-Safaris-cc,http://www.satsa.com/item/African-Welcome-Safaris-cc,,,,,,,,
African-Wildcats-Trave-&-Tours,http://www.satsa.com/item/African-Wildcats-Trave-&-Tours,,,,,,,,
AfriCanyon-(Pty)-Ltd,http://www.satsa.com/item/AfriCanyon-(Pty)-Ltd,,,,,,,,
Africapass-Travel-cc,http://www.satsa.com/item/Africapass-Travel-cc,,,,,,,,
Africas-Best-Adventures,http://www.satsa.com/item/Africas-Best-Adventures,,,,,,,,
Afritrails,http://www.satsa.com/item/Afritrails,,,,,,,,
Afritrip-Group-PTY-LTD-T/A-Safari.com,http://www.satsa.com/item/Afritrip-Group-PTY-LTD-T/A-Safari.com,,,,,,,,
Afri-Unique-Tours-(Pty)-Ltd,http://www.satsa.com/item/Afri-Unique-Tours-(Pty)-Ltd,,,,,,,,
AfriVest-Travel-(Pty)-Ltd,http://www.satsa.com/item/AfriVest-Travel-(Pty)-Ltd,,,,,,,,
Afrogem,http://www.satsa.com/item/Afrogem,,,,,,,,
Afroventures-Tours-&-Safaris,http://www.satsa.com/item/Afroventures-Tours-&-Safaris,,,,,,,,
aha---Hotels-&-Lodges,http://www.satsa.com/item/aha---Hotels-&-Lodges,,,,,,,,
Airlink,http://www.satsa.com/item/Airlink,,,,,,,,
Akilanga-(Pty)-Ltd,http://www.satsa.com/item/Akilanga-(Pty)-Ltd,,,,,,,,
Albatros-Travel-&-Safaris-(Pty)-Ltd,http://www.satsa.com/item/Albatros-Travel-&-Safaris-(Pty)-Ltd,,,,,,,,
Alexa-Safaris-cc,http://www.satsa.com/item/Alexa-Safaris-cc,,,,,,,,
All-Africa-Tours,http://www.satsa.com/item/All-Africa-Tours,,,,,,,,
All-Out-Africa,http://www.satsa.com/item/All-Out-Africa,,,,,,,,
Alpha-Destinations,http://www.satsa.com/item/Alpha-Destinations,,,,,,,,
AM-Lodge,http://www.satsa.com/item/AM-Lodge,,,,,,,,
Ama-Africa-Experiences,http://www.satsa.com/item/Ama-Africa-Experiences,,,,,,,,
Amakhosi-Lodge-(Pty)-Ltd,http://www.satsa.com/item/Amakhosi-Lodge-(Pty)-Ltd,,,,,,,,
Amapondo-Backpackers,http://www.satsa.com/item/Amapondo-Backpackers,,,,,,,,
Amatikulu-Tours-cc,http://www.satsa.com/item/Amatikulu-Tours-cc,,,,,,,,
Amazing-Africa-Tours,http://www.satsa.com/item/Amazing-Africa-Tours,,,,,,,,
Ama-Zing-African-Safaris,http://www.satsa.com/item/Ama-Zing-African-Safaris,,,,,,,,
Ambula-/-Golf-&-Safari-Tours,http://www.satsa.com/item/Ambula-/-Golf-&-Safari-Tours,,,,,,,,
Amphitheatre-Backpackers-cc,http://www.satsa.com/item/Amphitheatre-Backpackers-cc,,,,,,,,
Amrho-Tourism,http://www.satsa.com/item/Amrho-Tourism,,,,,,,,
An-African-Anthology-(Pty)-Ltd,http://www.satsa.com/item/An-African-Anthology-(Pty)-Ltd,,,,,,,,
An-African-Array,http://www.satsa.com/item/An-African-Array,,,,,,,,
And-Beyond-South-Africa-PTY-Ltd,http://www.satsa.com/item/And-Beyond-South-Africa-PTY-Ltd,,,,,,,,
Anderson-Expeditions-cc,http://www.satsa.com/item/Anderson-Expeditions-cc,,,,,,,,
Anew-Hotel-Hluhluwe-&-Safaris,http://www.satsa.com/item/Anew-Hotel-Hluhluwe-&-Safaris,,,,,,,,
Ansteys-Beach-Backpackers-&-Self-Catering,http://www.satsa.com/item/Ansteys-Beach-Backpackers-&-Self-Catering,,,,,,,,
Anywhere-In-Africa-Safaris-cc,http://www.satsa.com/item/Anywhere-In-Africa-Safaris-cc,,,,,,,,
Aqua-Tours-&-Transfers,http://www.satsa.com/item/Aqua-Tours-&-Transfers,,,,,,,,
Aquila-Private-Game-Reserve-&-Spa,http://www.satsa.com/item/Aquila-Private-Game-Reserve-&-Spa,,,,,,,,
Arcadia-Tours-&-Transfers,http://www.satsa.com/item/Arcadia-Tours-&-Transfers,,,,,,,,
Areena-Riverside-Resort,http://www.satsa.com/item/Areena-Riverside-Resort,,,,,,,,
Art-of-Safari-(Pty)-Ltd,http://www.satsa.com/item/Art-of-Safari-(Pty)-Ltd,,,,,,,,
Ascot-Tours-(Pty)-Ltd,http://www.satsa.com/item/Ascot-Tours-(Pty)-Ltd,,,,,,,,
Ashanti-Lodge,http://www.satsa.com/item/Ashanti-Lodge,,,,,,,,
Ashtons-Self-Drive-(Pty)-Ltd,http://www.satsa.com/item/Ashtons-Self-Drive-(Pty)-Ltd,,,,,,,,
Asian-Sun-Trading-cc,http://www.satsa.com/item/Asian-Sun-Trading-cc,,,,,,,,
Assured-and-Tailored-cc,http://www.satsa.com/item/Assured-and-Tailored-cc,,,,,,,,
ATC-(African-Travel-Concept)-(Pty)-Ltd,http://www.satsa.com/item/ATC-(African-Travel-Concept)-(Pty)-Ltd,,,,,,,,
Ates-Africa-(Pty)-Ldt,http://www.satsa.com/item/Ates-Africa-(Pty)-Ldt,,,,,,,,
Atlantic-Point-Backpackers,http://www.satsa.com/item/Atlantic-Point-Backpackers,,,,,,,,
Aukwatowa-Tours-Pty-LTD,http://www.satsa.com/item/Aukwatowa-Tours-Pty-LTD,,,,,,,,
Avenue-English-cc,http://www.satsa.com/item/Avenue-English-cc,,,,,,,,
Avian-Leisure,http://www.satsa.com/item/Avian-Leisure,,,,,,,,
Avis-Budget-Rent-a-Car,http://www.satsa.com/item/Avis-Budget-Rent-a-Car,,,,,,,,
Avo-Orange-Adventure-Travel-cc,http://www.satsa.com/item/Avo-Orange-Adventure-Travel-cc,,,,,,,,
Away-with-the-Fairies,http://www.satsa.com/item/Away-with-the-Fairies,,,,,,,,
AWOL-Tours-cc,http://www.satsa.com/item/AWOL-Tours-cc,,,,,,,,
Azul-Coastal-Tours-&-Transfers-(Pty)-Ltd,http://www.satsa.com/item/Azul-Coastal-Tours-&-Transfers-(Pty)-Ltd,,,,,,,,
Backpackers-Connection,http://www.satsa.com/item/Backpackers-Connection,,,,,,,,
Bactrac-Adventures-cc,http://www.satsa.com/item/Bactrac-Adventures-cc,,,,,,,,
Balanta-Imagine,http://www.satsa.com/item/Balanta-Imagine,,,,,,,,
Bannister-Hotel,http://www.satsa.com/item/Bannister-Hotel,,,,,,,,
Baobab-Tours,http://www.satsa.com/item/Baobab-Tours,,,,,,,,
Bay-Language-Institute,http://www.satsa.com/item/Bay-Language-Institute,,,,,,,,
Bayside-Lodge,http://www.satsa.com/item/Bayside-Lodge,,,,,,,,
Baz-Bus,http://www.satsa.com/item/Baz-Bus,,,,,,,,
BDO-Advisory,http://www.satsa.com/item/BDO-Advisory,,,,,,,,
Be-Africa-Safaris-(Pty)-Ltd,http://www.satsa.com/item/Be-Africa-Safaris-(Pty)-Ltd,,,,,,,,
Bearded-Heron-Safaris,http://www.satsa.com/item/Bearded-Heron-Safaris,,,,,,,,
Beat-About-The-Bush-Tourism-Services,http://www.satsa.com/item/Beat-About-The-Bush-Tourism-Services,,,,,,,,
BelAfrique,http://www.satsa.com/item/BelAfrique,,,,,,,,
Bellingham-Safaris-(Pty)-Ltd,http://www.satsa.com/item/Bellingham-Safaris-(Pty)-Ltd,,,,,,,,
Belmond-Mount-Nelson-Hotel,http://www.satsa.com/item/Belmond-Mount-Nelson-Hotel,,,,,,,,
Belvidere-Manor-Hotel,http://www.satsa.com/item/Belvidere-Manor-Hotel,,,,,,,,
Besty-Travel,http://www.satsa.com/item/Besty-Travel,,,,,,,,
Beyond-Infinity-Tours,http://www.satsa.com/item/Beyond-Infinity-Tours,,,,,,,,
Beyond-Reach-cc,http://www.satsa.com/item/Beyond-Reach-cc,,,,,,,,
BGH-Silver-Oaks-(Pty)-Ltd-t/a-Rhino-and-Lion-Nature-Reserve,http://www.satsa.com/item/BGH-Silver-Oaks-(Pty)-Ltd-t/a-Rhino-and-Lion-Nature-Reserve,,,,,,,,
Bidvest-Car-Rental,http://www.satsa.com/item/Bidvest-Car-Rental,,,,,,,,
Big-Ambitions-Marketing,http://www.satsa.com/item/Big-Ambitions-Marketing,,,,,,,,
Big-Game-Parks,http://www.satsa.com/item/Big-Game-Parks,,,,,,,,
Biggestleaf-Travel,http://www.satsa.com/item/Biggestleaf-Travel,,,,,,,,
Bikes-n-Wines,http://www.satsa.com/item/Bikes-n-Wines,,,,,,,,
Bill-Harrops-Original-Balloon-Safaris-(Pty)-Ltd,http://www.satsa.com/item/Bill-Harrops-Original-Balloon-Safaris-(Pty)-Ltd,,,,,,,,
Biwakwango-cc,http://www.satsa.com/item/Biwakwango-cc,,,,,,,,
Blackrisingson-Travel,http://www.satsa.com/item/Blackrisingson-Travel,,,,,,,,
Bloem-Spa,http://www.satsa.com/item/Bloem-Spa,,,,,,,,
Blue-Crane-Wildlife-Services-t/a-Tiger-Canyon-Private-Game-Reserve,http://www.satsa.com/item/Blue-Crane-Wildlife-Services-t/a-Tiger-Canyon-Private-Game-Reserve,,,,,,,,
Blue-Planet-Tours,http://www.satsa.com/item/Blue-Planet-Tours,,,,,,,,
Blue-Views-cc,http://www.satsa.com/item/Blue-Views-cc,,,,,,,,
Bobo-Campers,http://www.satsa.com/item/Bobo-Campers,,,,,,,,
Bohemian-Lofts-Backpackers,http://www.satsa.com/item/Bohemian-Lofts-Backpackers,,,,,,,,
Bokbus-Garden-Route-Adventures,http://www.satsa.com/item/Bokbus-Garden-Route-Adventures,,,,,,,,
Boke-Trading-and-Project,http://www.satsa.com/item/Boke-Trading-and-Project,,,,,,,,
Bon-Hotels,http://www.satsa.com/item/Bon-Hotels,,,,,,,,
Bonsai-Technologies,http://www.satsa.com/item/Bonsai-Technologies,,,,,,,,
Botlierskop-Game-Reserve,http://www.satsa.com/item/Botlierskop-Game-Reserve,,,,,,,,
Boundless-Southern-Africa,http://www.satsa.com/item/Boundless-Southern-Africa,,,,,,,,
Brenton-Blue-Tours,http://www.satsa.com/item/Brenton-Blue-Tours,,,,,,,,
Brenton-Haven-Beachfront-Resort,http://www.satsa.com/item/Brenton-Haven-Beachfront-Resort,,,,,,,,
Brett-Horley-Safaris,http://www.satsa.com/item/Brett-Horley-Safaris,,,,,,,,
Brochure-Management-South-Africa,http://www.satsa.com/item/Brochure-Management-South-Africa,,,,,,,,
Brothers-Safaris-cc,http://www.satsa.com/item/Brothers-Safaris-cc,,,,,,,,
Brown-Sugar-Backpackers,http://www.satsa.com/item/Brown-Sugar-Backpackers,,,,,,,,
Bryllianta-Diamonds-&-Tanzanite-cc,http://www.satsa.com/item/Bryllianta-Diamonds-&-Tanzanite-cc,,,,,,,,
Buccaneers-Backpackers-Lodge,http://www.satsa.com/item/Buccaneers-Backpackers-Lodge,,,,,,,,
Buffalo-Bill-Trading-Company,http://www.satsa.com/item/Buffalo-Bill-Trading-Company,,,,,,,,
Buffelsdrift-Game-Lodge,http://www.satsa.com/item/Buffelsdrift-Game-Lodge,,,,,,,,
Buja-Tours-cc,http://www.satsa.com/item/Buja-Tours-cc,,,,,,,,
Bulungula-Backpackers-Lodge,http://www.satsa.com/item/Bulungula-Backpackers-Lodge,,,,,,,,
Bumhi-Safaris,http://www.satsa.com/item/Bumhi-Safaris,,,,,,,,
Bundox-Safari-Co,http://www.satsa.com/item/Bundox-Safari-Co,,,,,,,,
Buscor-Pty-Ltd-T/A-Protours-Coach-Charter,http://www.satsa.com/item/Buscor-Pty-Ltd-T/A-Protours-Coach-Charter,,,,,,,,
Bush-Xplorers,http://www.satsa.com/item/Bush-Xplorers,,,,,,,,
BushBreaks-&-More,http://www.satsa.com/item/BushBreaks-&-More,,,,,,,,
Bushlore-cc,http://www.satsa.com/item/Bushlore-cc,,,,,,,,
Buya-Buya-Travel-(PTY)-ltd,http://www.satsa.com/item/Buya-Buya-Travel-(PTY)-ltd,,,,,,,,
By-Design-Africa-Group-(Pty)-Ltd,http://www.satsa.com/item/By-Design-Africa-Group-(Pty)-Ltd,,,,,,,,
C4-Photo-Safaris,http://www.satsa.com/item/C4-Photo-Safaris,,,,,,,,
Calabash-Tours-cc,http://www.satsa.com/item/Calabash-Tours-cc,,,,,,,,
Camissa-Travel-&-Marketing,http://www.satsa.com/item/Camissa-Travel-&-Marketing,,,,,,,,
Camp-Jabulani-(Pty)-Ltd,http://www.satsa.com/item/Camp-Jabulani-(Pty)-Ltd,,,,,,,,
Campbells-African-Safari-Ventures-(Pty)-Ltd,http://www.satsa.com/item/Campbells-African-Safari-Ventures-(Pty)-Ltd,,,,,,,,
Cango-Caves,http://www.satsa.com/item/Cango-Caves,,,,,,,,
Cango-Wildlife-Ranch-(Pty)-Ltd,http://www.satsa.com/item/Cango-Wildlife-Ranch-(Pty)-Ltd,,,,,,,,
Canopy-Tours-South-Africa,http://www.satsa.com/item/Canopy-Tours-South-Africa,,,,,,,,
Cansaf-Adventures-cc,http://www.satsa.com/item/Cansaf-Adventures-cc,,,,,,,,
Cape-Africa-Tours,http://www.satsa.com/item/Cape-Africa-Tours,,,,,,,,
Cape-Classics-Africa,http://www.satsa.com/item/Cape-Classics-Africa,,,,,,,,
Cape-Diversity-Tours-cc,http://www.satsa.com/item/Cape-Diversity-Tours-cc,,,,,,,,
Cape-Fox-Tours-&-Photography,http://www.satsa.com/item/Cape-Fox-Tours-&-Photography,,,,,,,,
Cape-Grace-Hotel-(Pty)-Ltd,http://www.satsa.com/item/Cape-Grace-Hotel-(Pty)-Ltd,,,,,,,,
Cape-Prosperous-Tours,http://www.satsa.com/item/Cape-Prosperous-Tours,,,,,,,,
Cape-Sidecar-Adventures-cc,http://www.satsa.com/item/Cape-Sidecar-Adventures-cc,,,,,,,,
Cape-to-Kruger-Tours-and-Safaris,http://www.satsa.com/item/Cape-to-Kruger-Tours-and-Safaris,,,,,,,,
Cape-Town-Beach-Villas,http://www.satsa.com/item/Cape-Town-Beach-Villas,,,,,,,,
Cape-Town-Bucket-List,http://www.satsa.com/item/Cape-Town-Bucket-List,,,,,,,,
Cape-Town-Free-Walking-Tours,http://www.satsa.com/item/Cape-Town-Free-Walking-Tours,,,,,,,,
Cape-Town-Helicopters,http://www.satsa.com/item/Cape-Town-Helicopters,,,,,,,,
Cape-Town-School-of-English,http://www.satsa.com/item/Cape-Town-School-of-English,,,,,,,,
Cape-Town-Tourism,http://www.satsa.com/item/Cape-Town-Tourism,,,,,,,,
Cape-Xtreme-Adventure-Tours,http://www.satsa.com/item/Cape-Xtreme-Adventure-Tours,,,,,,,,
CapeTowning-Pty-Ltd,http://www.satsa.com/item/CapeTowning-Pty-Ltd,,,,,,,,
Capexec,http://www.satsa.com/item/Capexec,,,,,,,,
Castle-of-Good-Hope,http://www.satsa.com/item/Castle-of-Good-Hope,,,,,,,,
Catalina-Tours,http://www.satsa.com/item/Catalina-Tours,,,,,,,,
Cathkin-Booking-and-Management-Services,http://www.satsa.com/item/Cathkin-Booking-and-Management-Services,,,,,,,,
Cedarberg-Africa,http://www.satsa.com/item/Cedarberg-Africa,,,,,,,,
Cederberg-Oasis,http://www.satsa.com/item/Cederberg-Oasis,,,,,,,,
Cederberg-Tours,http://www.satsa.com/item/Cederberg-Tours,,,,,,,,
CelAfrica-Tours-cc,http://www.satsa.com/item/CelAfrica-Tours-cc,,,,,,,,
Centurion-Holiday-Tours-cc,http://www.satsa.com/item/Centurion-Holiday-Tours-cc,,,,,,,,
Charlies-Travels,http://www.satsa.com/item/Charlies-Travels,,,,,,,,
Choice-Tours-cc,http://www.satsa.com/item/Choice-Tours-cc,,,,,,,,
Christine-van-Wyk-Tours,http://www.satsa.com/item/Christine-van-Wyk-Tours,,,,,,,,
Citadel-Travel-Solutions,http://www.satsa.com/item/Citadel-Travel-Solutions,,,,,,,,
Citi-Hopper,http://www.satsa.com/item/Citi-Hopper,,,,,,,,
Citi-Shuttles,http://www.satsa.com/item/Citi-Shuttles,,,,,,,,
City-Lodge-Hotels-Limited,http://www.satsa.com/item/City-Lodge-Hotels-Limited,,,,,,,,
Claim-Victory-Tours,http://www.satsa.com/item/Claim-Victory-Tours,,,,,,,,
Classic-Escapes-cc,http://www.satsa.com/item/Classic-Escapes-cc,,,,,,,,
Click-Pack-Go,http://www.satsa.com/item/Click-Pack-Go,,,,,,,,
Coastlands-on-the-Ridge-(Pty)-Ltd,http://www.satsa.com/item/Coastlands-on-the-Ridge-(Pty)-Ltd,,,,,,,,
Coffee-Shack,http://www.satsa.com/item/Coffee-Shack,,,,,,,,
Comair-Ltd,http://www.satsa.com/item/Comair-Ltd,,,,,,,,
Company-of-African-Trackers,http://www.satsa.com/item/Company-of-African-Trackers,,,,,,,,
Compass-Odyssey,http://www.satsa.com/item/Compass-Odyssey,,,,,,,,
Compassline-Africa-Tours,http://www.satsa.com/item/Compassline-Africa-Tours,,,,,,,,
Completely-Unique-Safaris-(Pty)-Ltd,http://www.satsa.com/item/Completely-Unique-Safaris-(Pty)-Ltd,,,,,,,,
Connectour-(Pty)-Ltd,http://www.satsa.com/item/Connectour-(Pty)-Ltd,,,,,,,,
Constitution-Hill,http://www.satsa.com/item/Constitution-Hill,,,,,,,,
Crayfish-Trail,http://www.satsa.com/item/Crayfish-Trail,,,,,,,,
Cross-Country-Air-Safaris-(Pty)Ltd,http://www.satsa.com/item/Cross-Country-Air-Safaris-(Pty)Ltd,,,,,,,,
Cullinan-Holdings-Limited,http://www.satsa.com/item/Cullinan-Holdings-Limited,,,,,,,,
Cullinan-Transport-Division,http://www.satsa.com/item/Cullinan-Transport-Division,,,,,,,,
Curiocity-Backpackers,http://www.satsa.com/item/Curiocity-Backpackers,,,,,,,,
CUT---Tourism-and-Event-Management,http://www.satsa.com/item/CUT---Tourism-and-Event-Management,,,,,,,,
Cut-Above-Travel-And-Tours,http://www.satsa.com/item/Cut-Above-Travel-And-Tours,,,,,,,,
Cybele-Eco-Tours,http://www.satsa.com/item/Cybele-Eco-Tours,,,,,,,,
Daddy-Long-Legs-Art-Hotel-&-Self-Catering-Apartments,http://www.satsa.com/item/Daddy-Long-Legs-Art-Hotel-&-Self-Catering-Apartments,,,,,,,,
Dana-Tours,http://www.satsa.com/item/Dana-Tours,,,,,,,,
Dare-to-Explore-cc,http://www.satsa.com/item/Dare-to-Explore-cc,,,,,,,,
Dawn-Travel-And-Tours,http://www.satsa.com/item/Dawn-Travel-And-Tours,,,,,,,,
Daytrippers-cc,http://www.satsa.com/item/Daytrippers-cc,,,,,,,,
Denim-Travel-cc,http://www.satsa.com/item/Denim-Travel-cc,,,,,,,,
Destination-Garden-Route,http://www.satsa.com/item/Destination-Garden-Route,,,,,,,,
Destination-Points-(Pty)-Ltd,http://www.satsa.com/item/Destination-Points-(Pty)-Ltd,,,,,,,,
Detour-Africa-Tours-&-Safaris-cc,http://www.satsa.com/item/Detour-Africa-Tours-&-Safaris-cc,,,,,,,,
DHM-Tours-cc,http://www.satsa.com/item/DHM-Tours-cc,,,,,,,,
Dinizulu-Safaris,http://www.satsa.com/item/Dinizulu-Safaris,,,,,,,,
Dirty-Boots,http://www.satsa.com/item/Dirty-Boots,,,,,,,,
Discover-Africa-Group,http://www.satsa.com/item/Discover-Africa-Group,,,,,,,,
Discoverkruger,http://www.satsa.com/item/Discoverkruger,,,,,,,,
Distinctive-Travel-Concepts,http://www.satsa.com/item/Distinctive-Travel-Concepts,,,,,,,,
Dive-The-Big-5,http://www.satsa.com/item/Dive-The-Big-5,,,,,,,,
Divine-Tours,http://www.satsa.com/item/Divine-Tours,,,,,,,,
Djuma-Game-Reserve-Pty-Ltd,http://www.satsa.com/item/Djuma-Game-Reserve-Pty-Ltd,,,,,,,,
DMC-Sports-Travel-cc,http://www.satsa.com/item/DMC-Sports-Travel-cc,,,,,,,,
Dorcas-Tours,http://www.satsa.com/item/Dorcas-Tours,,,,,,,,
Dragonfly-Africa-Tours,http://www.satsa.com/item/Dragonfly-Africa-Tours,,,,,,,,
Dream-Hotels-&-Resorts,http://www.satsa.com/item/Dream-Hotels-&-Resorts,,,,,,,,
"Drifters,-a-Division-of-Tourvest-Holdings-(Pty)-Ltd","http://www.satsa.com/item/Drifters,-a-Division-of-Tourvest-Holdings-(Pty)-Ltd",,,,,,,,
Dunadventures-Africa-cc,http://www.satsa.com/item/Dunadventures-Africa-cc,,,,,,,,
Dynamo-Travel-Group,http://www.satsa.com/item/Dynamo-Travel-Group,,,,,,,,
Earthstompers-Adventures-cc,http://www.satsa.com/item/Earthstompers-Adventures-cc,,,,,,,,
East-Cape-Tours,http://www.satsa.com/item/East-Cape-Tours,,,,,,,,
Eastern-Cape-Parks-and-Tourism-Agency,http://www.satsa.com/item/Eastern-Cape-Parks-and-Tourism-Agency,,,,,,,,
Easy-English---International-School-of-English,http://www.satsa.com/item/Easy-English---International-School-of-English,,,,,,,,
Easy-Travel-China-(Pty)-Ltd,http://www.satsa.com/item/Easy-Travel-China-(Pty)-Ltd,,,,,,,,
EC-English-Cape-Town,http://www.satsa.com/item/EC-English-Cape-Town,,,,,,,,
Ecopsychology-Africa-cc,http://www.satsa.com/item/Ecopsychology-Africa-cc,,,,,,,,
EcoTraining-(PTY)-LTD,http://www.satsa.com/item/EcoTraining-(PTY)-LTD,,,,,,,,
Eden-Adventures,http://www.satsa.com/item/Eden-Adventures,,,,,,,,
Edge-Travel,http://www.satsa.com/item/Edge-Travel,,,,,,,,
EDU-Africa,http://www.satsa.com/item/EDU-Africa,,,,,,,,
Edu-School-Tours-cc,http://www.satsa.com/item/Edu-School-Tours-cc,,,,,,,,
Eendracht-Hotel-&-Apartments,http://www.satsa.com/item/Eendracht-Hotel-&-Apartments,,,,,,,,
EF-Language-Schools-Pty-Ltd,http://www.satsa.com/item/EF-Language-Schools-Pty-Ltd,,,,,,,,
EFL-South-Africa-NPC-t/a-Education-South-Africa,http://www.satsa.com/item/EFL-South-Africa-NPC-t/a-Education-South-Africa,,,,,,,,
Egoli-African-Destinations,http://www.satsa.com/item/Egoli-African-Destinations,,,,,,,,
eHolidays-(Pty)-Ltd,http://www.satsa.com/item/eHolidays-(Pty)-Ltd,,,,,,,,
Ekima-Afrika-Travel,http://www.satsa.com/item/Ekima-Afrika-Travel,,,,,,,,
Eldo-Coaches,http://www.satsa.com/item/Eldo-Coaches,,,,,,,,
Elela-Africa,http://www.satsa.com/item/Elela-Africa,,,,,,,,
Elephant-Herd-Tours-&-Safaris,http://www.satsa.com/item/Elephant-Herd-Tours-&-Safaris,,,,,,,,
Elephant-Lake-Hotel-cc,http://www.satsa.com/item/Elephant-Lake-Hotel-cc,,,,,,,,
Elgin-Africa,http://www.satsa.com/item/Elgin-Africa,,,,,,,,
Elundini-Backpackers,http://www.satsa.com/item/Elundini-Backpackers,,,,,,,,
Embassy-Consulting-(Pty)-Ltd,http://www.satsa.com/item/Embassy-Consulting-(Pty)-Ltd,,,,,,,,
Emdoneni-Lodge-and-SPA,http://www.satsa.com/item/Emdoneni-Lodge-and-SPA,,,,,,,,
Emerald-Vale-Brewing-Corporation-Events,http://www.satsa.com/item/Emerald-Vale-Brewing-Corporation-Events,,,,,,,,
Emfuleni-Corridor-Tourism-Association,http://www.satsa.com/item/Emfuleni-Corridor-Tourism-Association,,,,,,,,
English-Access-Gauteng,http://www.satsa.com/item/English-Access-Gauteng,,,,,,,,
English-One-(Pty)-Ltd,http://www.satsa.com/item/English-One-(Pty)-Ltd,,,,,,,,
Enticing-Africa-Travel-Solution-cc,http://www.satsa.com/item/Enticing-Africa-Travel-Solution-cc,,,,,,,,
Ephephile-Travel,http://www.satsa.com/item/Ephephile-Travel,,,,,,,,
Epic-Enabled,http://www.satsa.com/item/Epic-Enabled,,,,,,,,
Equanimity-Bookings,http://www.satsa.com/item/Equanimity-Bookings,,,,,,,,
Equilogic-(Pty)-Ltd,http://www.satsa.com/item/Equilogic-(Pty)-Ltd,,,,,,,,
ERM-Tours-(Pty)-Ltd,http://www.satsa.com/item/ERM-Tours-(Pty)-Ltd,,,,,,,,
Escape-4-Africa-Travel,http://www.satsa.com/item/Escape-4-Africa-Travel,,,,,,,,
Escape-to-the-Cape-cc,http://www.satsa.com/item/Escape-to-the-Cape-cc,,,,,,,,
EU-Travel-(PTY)-LTD.,http://www.satsa.com/item/EU-Travel-(PTY)-LTD.,,,,,,,,
Europcar-South-Africa,http://www.satsa.com/item/Europcar-South-Africa,,,,,,,,
Event-Stuff-SA,http://www.satsa.com/item/Event-Stuff-SA,,,,,,,,
Exila-travel-centre-(-Pty-)ltd,http://www.satsa.com/item/Exila-travel-centre-(-Pty-)ltd,,,,,,,,
Explendor-Tours,http://www.satsa.com/item/Explendor-Tours,,,,,,,,
Explore-More-Travel,http://www.satsa.com/item/Explore-More-Travel,,,,,,,,
eXplore-Plus-Travel-&-Tours,http://www.satsa.com/item/eXplore-Plus-Travel-&-Tours,,,,,,,,
Explore-Sideways,http://www.satsa.com/item/Explore-Sideways,,,,,,,,
Extraordinary,http://www.satsa.com/item/Extraordinary,,,,,,,,
Extraordinary-Spaces,http://www.satsa.com/item/Extraordinary-Spaces,,,,,,,,
Eye-See-Africa,http://www.satsa.com/item/Eye-See-Africa,,,,,,,,
Eyes-for-Africa---SA-Travel-Facilitators,http://www.satsa.com/item/Eyes-for-Africa---SA-Travel-Facilitators,,,,,,,,
Ezemvelo-KZN-Wildlife,http://www.satsa.com/item/Ezemvelo-KZN-Wildlife,,,,,,,,
Ezulwini-Game-Lodge,http://www.satsa.com/item/Ezulwini-Game-Lodge,,,,,,,,
F-Collin-Logistics-&-Consulting,http://www.satsa.com/item/F-Collin-Logistics-&-Consulting,,,,,,,,
Face-Adrenalin-Sports-(Pty)-Ltd,http://www.satsa.com/item/Face-Adrenalin-Sports-(Pty)-Ltd,,,,,,,,
Fagala-Voet-(Pty)-Ltd,http://www.satsa.com/item/Fagala-Voet-(Pty)-Ltd,,,,,,,,
Fairest-Cape-Meander,http://www.satsa.com/item/Fairest-Cape-Meander,,,,,,,,
Fairfield-Tours-(Pty)-Ltd,http://www.satsa.com/item/Fairfield-Tours-(Pty)-Ltd,,,,,,,,
Fairview-Conference-Centre-cc,http://www.satsa.com/item/Fairview-Conference-Centre-cc,,,,,,,,
Falaza-Game-Park,http://www.satsa.com/item/Falaza-Game-Park,,,,,,,,
False-Bay-White-Shark-Adventures,http://www.satsa.com/item/False-Bay-White-Shark-Adventures,,,,,,,,
Famba-Famba-Tour-Design-Specialists,http://www.satsa.com/item/Famba-Famba-Tour-Design-Specialists,,,,,,,,
Fancy-Tours-&-Fun-Lover-Coaches,http://www.satsa.com/item/Fancy-Tours-&-Fun-Lover-Coaches,,,,,,,,
Far-&-Wild-Safaris-cc,http://www.satsa.com/item/Far-&-Wild-Safaris-cc,,,,,,,,
Featherbed-Co,http://www.satsa.com/item/Featherbed-Co,,,,,,,,
Fensham-Golf,http://www.satsa.com/item/Fensham-Golf,,,,,,,,
FGASA,http://www.satsa.com/item/FGASA,,,,,,,,
Fig-Tree-Travel-&-Trading-t/a-Life-&-Luxury,http://www.satsa.com/item/Fig-Tree-Travel-&-Trading-t/a-Life-&-Luxury,,,,,,,,
First-National-Bank,http://www.satsa.com/item/First-National-Bank,,,,,,,,
Flamingo-Tours-&-Disabled-Ventures-cc,http://www.satsa.com/item/Flamingo-Tours-&-Disabled-Ventures-cc,,,,,,,,
Fli---Afrika-Travel-(Pty)-Ltd,http://www.satsa.com/item/Fli---Afrika-Travel-(Pty)-Ltd,,,,,,,,
Fly-Wise-SA,http://www.satsa.com/item/Fly-Wise-SA,,,,,,,,
Followme2-Limited,http://www.satsa.com/item/Followme2-Limited,,,,,,,,
Forever-Resorts-SA-(Pty)-Ltd,http://www.satsa.com/item/Forever-Resorts-SA-(Pty)-Ltd,,,,,,,,
Four-Seasons-Hotel--The-Westcliff,http://www.satsa.com/item/Four-Seasons-Hotel--The-Westcliff,,,,,,,,
Free-Spirit-Adventures,http://www.satsa.com/item/Free-Spirit-Adventures,,,,,,,,
Freeworld-Travel-t/a-Travel-&-Sport,http://www.satsa.com/item/Freeworld-Travel-t/a-Travel-&-Sport,,,,,,,,
Fresh-Holiday-(PTY)-Ltd,http://www.satsa.com/item/Fresh-Holiday-(PTY)-Ltd,,,,,,,,
Fugitives-Drift,http://www.satsa.com/item/Fugitives-Drift,,,,,,,,
Fullmark-Tour-cc,http://www.satsa.com/item/Fullmark-Tour-cc,,,,,,,,
Future-Coaches-Cape,http://www.satsa.com/item/Future-Coaches-Cape,,,,,,,,
G-Adventures-South-Africa-(Pty)-Ltd,http://www.satsa.com/item/G-Adventures-South-Africa-(Pty)-Ltd,,,,,,,,
Gaffleys-Coach-Tours,http://www.satsa.com/item/Gaffleys-Coach-Tours,,,,,,,,
Gallivanter-Holidays,http://www.satsa.com/item/Gallivanter-Holidays,,,,,,,,
Garden-Route-Game-Lodge,http://www.satsa.com/item/Garden-Route-Game-Lodge,,,,,,,,
Garonga-Safari-Camp-(Pty)-Ltd,http://www.satsa.com/item/Garonga-Safari-Camp-(Pty)-Ltd,,,,,,,,
GCR-Pty-Ltd-t/a-Fleet-Foot-Safaris,http://www.satsa.com/item/GCR-Pty-Ltd-t/a-Fleet-Foot-Safaris,,,,,,,,
GeoTripz,http://www.satsa.com/item/GeoTripz,,,,,,,,
German-Overseas-Professional-Travel-Services-CC-ta-German-Overseas,http://www.satsa.com/item/German-Overseas-Professional-Travel-Services-CC-ta-German-Overseas,,,,,,,,
Get-Africa-Travel,http://www.satsa.com/item/Get-Africa-Travel,,,,,,,,
Getlocal.africa,http://www.satsa.com/item/Getlocal.africa,,,,,,,,
Giltedge-Africa,http://www.satsa.com/item/Giltedge-Africa,,,,,,,,
Gladstone-Executive-Shuttle-and-Tours,http://www.satsa.com/item/Gladstone-Executive-Shuttle-and-Tours,,,,,,,,
Global-Pact-Trading-560-(pty)-ltd,http://www.satsa.com/item/Global-Pact-Trading-560-(pty)-ltd,,,,,,,,
Globe-Lotter-Tours-cc,http://www.satsa.com/item/Globe-Lotter-Tours-cc,,,,,,,,
Go-African-Adventures,http://www.satsa.com/item/Go-African-Adventures,,,,,,,,
Go-Cape-Tours,http://www.satsa.com/item/Go-Cape-Tours,,,,,,,,
Go-Tourism-Promotions-cc,http://www.satsa.com/item/Go-Tourism-Promotions-cc,,,,,,,,
Go2Africa-(Pty)-Ltd,http://www.satsa.com/item/Go2Africa-(Pty)-Ltd,,,,,,,,
Going-Africa,http://www.satsa.com/item/Going-Africa,,,,,,,,
Gold-Bricks-Tours-&-Travel,http://www.satsa.com/item/Gold-Bricks-Tours-&-Travel,,,,,,,,
Golf-2-Africa,http://www.satsa.com/item/Golf-2-Africa,,,,,,,,
Golf-Air,http://www.satsa.com/item/Golf-Air,,,,,,,,
Golf-Buddies-CC,http://www.satsa.com/item/Golf-Buddies-CC,,,,,,,,
Golf-Holidays-in-South-Africa,http://www.satsa.com/item/Golf-Holidays-in-South-Africa,,,,,,,,
GolfGuys-Tours,http://www.satsa.com/item/GolfGuys-Tours,,,,,,,,
Goliath-Safaris-Southern-Africa-(Pty)-Ltd,http://www.satsa.com/item/Goliath-Safaris-Southern-Africa-(Pty)-Ltd,,,,,,,,
Gomo-Gomo-Game-Lodge,http://www.satsa.com/item/Gomo-Gomo-Game-Lodge,,,,,,,,
Gonana-Travel,http://www.satsa.com/item/Gonana-Travel,,,,,,,,
Gondwana-Game-Reserve,http://www.satsa.com/item/Gondwana-Game-Reserve,,,,,,,,
Good-Hope-Studies-/-Good-Hope-Volunteers,http://www.satsa.com/item/Good-Hope-Studies-/-Good-Hope-Volunteers,,,,,,,,
Gooderson-Leisure-Corporation-(Pty)-Ltd,http://www.satsa.com/item/Gooderson-Leisure-Corporation-(Pty)-Ltd,,,,,,,,
Grande-Roche-Hotel-(Proprietary)-Limited,http://www.satsa.com/item/Grande-Roche-Hotel-(Proprietary)-Limited,,,,,,,,
Graskop-Gorge-Lift-Co.,http://www.satsa.com/item/Graskop-Gorge-Lift-Co.,,,,,,,,
Gravity-River-Tours,http://www.satsa.com/item/Gravity-River-Tours,,,,,,,,
Great-White-Shark-Tours-(Pty)-Ltd,http://www.satsa.com/item/Great-White-Shark-Tours-(Pty)-Ltd,,,,,,,,
Green-Corridors,http://www.satsa.com/item/Green-Corridors,,,,,,,,
Greenfire-Tourism-cc,http://www.satsa.com/item/Greenfire-Tourism-cc,,,,,,,,
Group-Sports-Travel-South-Africa-cc,http://www.satsa.com/item/Group-Sports-Travel-South-Africa-cc,,,,,,,,
GS-Africa-Rentals-and-Tours,http://www.satsa.com/item/GS-Africa-Rentals-and-Tours,,,,,,,,
Guvon-Hotels,http://www.satsa.com/item/Guvon-Hotels,,,,,,,,
Hadiya-Li-Africa-Tours,http://www.satsa.com/item/Hadiya-Li-Africa-Tours,,,,,,,,
Hamba-Sabatical-Tours,http://www.satsa.com/item/Hamba-Sabatical-Tours,,,,,,,,
Hampshire-Hotel-(Pty)-Ltd,http://www.satsa.com/item/Hampshire-Hotel-(Pty)-Ltd,,,,,,,,
Hanks-Aero-Adventures-Inc,http://www.satsa.com/item/Hanks-Aero-Adventures-Inc,,,,,,,,
Hannah-Lodge,http://www.satsa.com/item/Hannah-Lodge,,,,,,,,
Happy-Hippo-Accommodation,http://www.satsa.com/item/Happy-Hippo-Accommodation,,,,,,,,
Hartleys-Safaris-SA-Pty-(Ltd),http://www.satsa.com/item/Hartleys-Safaris-SA-Pty-(Ltd),,,,,,,,
Hayani-Guest-House,http://www.satsa.com/item/Hayani-Guest-House,,,,,,,,
Hello-Adventure,http://www.satsa.com/item/Hello-Adventure,,,,,,,,
Heritage-Tours-&-Safaris,http://www.satsa.com/item/Heritage-Tours-&-Safaris,,,,,,,,
Hermanus-Whale-Watchers,http://www.satsa.com/item/Hermanus-Whale-Watchers,,,,,,,,
Hero-Holidays,http://www.satsa.com/item/Hero-Holidays,,,,,,,,
Hi5-Paragliding,http://www.satsa.com/item/Hi5-Paragliding,,,,,,,,
Highline-Travel-Services-(PTY)LTD,http://www.satsa.com/item/Highline-Travel-Services-(PTY)LTD,,,,,,,,
HiHlurile-Pot-of-Beads,http://www.satsa.com/item/HiHlurile-Pot-of-Beads,,,,,,,,
Hilton-Hotel,http://www.satsa.com/item/Hilton-Hotel,,,,,,,,
HJ-Viljoen-Trading-as-Bum-A-Lift,http://www.satsa.com/item/HJ-Viljoen-Trading-as-Bum-A-Lift,,,,,,,,
Hleka-Bafazi-Game-Reserves-(Pty)-Ltd,http://www.satsa.com/item/Hleka-Bafazi-Game-Reserves-(Pty)-Ltd,,,,,,,,
Hluhluwe-River-Lodge,http://www.satsa.com/item/Hluhluwe-River-Lodge,,,,,,,,
HME-Crafted-Holidays,http://www.satsa.com/item/HME-Crafted-Holidays,,,,,,,,
Hog-Hollow-Country-Lodge,http://www.satsa.com/item/Hog-Hollow-Country-Lodge,,,,,,,,
Hog-Hollow-Horse-Trails,http://www.satsa.com/item/Hog-Hollow-Horse-Trails,,,,,,,,
Holiday-Experts-(Pty)-Ltd,http://www.satsa.com/item/Holiday-Experts-(Pty)-Ltd,,,,,,,,
Homebase-Kruger,http://www.satsa.com/item/Homebase-Kruger,,,,,,,,
Hospitality-Affairs-(PTY)-LTD,http://www.satsa.com/item/Hospitality-Affairs-(PTY)-LTD,,,,,,,,
Hospitality-Afrika-Safaris,http://www.satsa.com/item/Hospitality-Afrika-Safaris,,,,,,,,
Hotel-Numbi-&-Garden-Suites,http://www.satsa.com/item/Hotel-Numbi-&-Garden-Suites,,,,,,,,
Hotel-Verde-(Pty)-Ltd,http://www.satsa.com/item/Hotel-Verde-(Pty)-Ltd,,,,,,,,
Hotspots2C,http://www.satsa.com/item/Hotspots2C,,,,,,,,
Houston-Travel-Marketing-Services,http://www.satsa.com/item/Houston-Travel-Marketing-Services,,,,,,,,
Hout-Bay-Backpackers,http://www.satsa.com/item/Hout-Bay-Backpackers,,,,,,,,
Hui-Gaeb-Charter-&-Tours-Pty.-Ltd,http://www.satsa.com/item/Hui-Gaeb-Charter-&-Tours-Pty.-Ltd,,,,,,,,
Hunt-Fish-Trek,http://www.satsa.com/item/Hunt-Fish-Trek,,,,,,,,
I-and-M-Futureneer-Advisors-Pty-Ltd,http://www.satsa.com/item/I-and-M-Futureneer-Advisors-Pty-Ltd,,,,,,,,
Idube-Elihle-Tours-cc,http://www.satsa.com/item/Idube-Elihle-Tours-cc,,,,,,,,
Idube-Game-Reserve-cc,http://www.satsa.com/item/Idube-Game-Reserve-cc,,,,,,,,
IH-Cape-Town-Language-Institute-Pty-Ltd,http://www.satsa.com/item/IH-Cape-Town-Language-Institute-Pty-Ltd,,,,,,,,
Ikhono-Communications,http://www.satsa.com/item/Ikhono-Communications,,,,,,,,
Ilanga-Travel-(Pty)-Ltd,http://www.satsa.com/item/Ilanga-Travel-(Pty)-Ltd,,,,,,,,
Ilios-Travel-(Pty)-Ltd,http://www.satsa.com/item/Ilios-Travel-(Pty)-Ltd,,,,,,,,
ILUKA-Tourism-Investments,http://www.satsa.com/item/ILUKA-Tourism-Investments,,,,,,,,
Imonti-Tours,http://www.satsa.com/item/Imonti-Tours,,,,,,,,
Impi-Expeditions-t/a-Impi-Safaris,http://www.satsa.com/item/Impi-Expeditions-t/a-Impi-Safaris,,,,,,,,
In-Residence-by-Pieter-Brundyn-(Pty)-Ltd,http://www.satsa.com/item/In-Residence-by-Pieter-Brundyn-(Pty)-Ltd,,,,,,,,
In-the-Green-Backpackers,http://www.satsa.com/item/In-the-Green-Backpackers,,,,,,,,
Inaclox-(Pty)-Ltd-t/a-African-Golf-Safaris,http://www.satsa.com/item/Inaclox-(Pty)-Ltd-t/a-African-Golf-Safaris,,,,,,,,
Indaba-Explorations-(Pty)-Ltd,http://www.satsa.com/item/Indaba-Explorations-(Pty)-Ltd,,,,,,,,
"Indaba-Hotel,-Spa-&-Conference-Centre","http://www.satsa.com/item/Indaba-Hotel,-Spa-&-Conference-Centre",,,,,,,,
Individual-Travel-Desk-SA-cc,http://www.satsa.com/item/Individual-Travel-Desk-SA-cc,,,,,,,,
Induna-Adventures-cc,http://www.satsa.com/item/Induna-Adventures-cc,,,,,,,,
Infinite-Africa,http://www.satsa.com/item/Infinite-Africa,,,,,,,,
Ingwenyama-Conference-&-Sports-Resort,http://www.satsa.com/item/Ingwenyama-Conference-&-Sports-Resort,,,,,,,,
Inkosi-Tours-and-Transfers,http://www.satsa.com/item/Inkosi-Tours-and-Transfers,,,,,,,,
Inkwenkwezi-Private-Game-Reserve-(Pty)-Ltd,http://www.satsa.com/item/Inkwenkwezi-Private-Game-Reserve-(Pty)-Ltd,,,,,,,,
Insolita-Cape-Town,http://www.satsa.com/item/Insolita-Cape-Town,,,,,,,,
Inspiration-Africa,http://www.satsa.com/item/Inspiration-Africa,,,,,,,,
Intasure-(Pty)-Ltd,http://www.satsa.com/item/Intasure-(Pty)-Ltd,,,,,,,,
Intercape,http://www.satsa.com/item/Intercape,,,,,,,,
Interlink,http://www.satsa.com/item/Interlink,,,,,,,,
International-House-Johannesburg---Language-Lab,http://www.satsa.com/item/International-House-Johannesburg---Language-Lab,,,,,,,,
Isandlwana-Lodge-(Pty)-Ltd,http://www.satsa.com/item/Isandlwana-Lodge-(Pty)-Ltd,,,,,,,,
Isibindi-Africa-Lodges,http://www.satsa.com/item/Isibindi-Africa-Lodges,,,,,,,,
Islamic-Travels-and-Tours,http://www.satsa.com/item/Islamic-Travels-and-Tours,,,,,,,,
ITT-Inspirations-Travel-and-Tours-(Pty)-Ltd,http://www.satsa.com/item/ITT-Inspirations-Travel-and-Tours-(Pty)-Ltd,,,,,,,,
Jac-Travel-Limited,http://www.satsa.com/item/Jac-Travel-Limited,,,,,,,,
Jackson's-African-Safaris,http://www.satsa.com/item/Jackson's-African-Safaris,,,,,,,,
Jenman-African-Safaris-(Pty)-Ltd,http://www.satsa.com/item/Jenman-African-Safaris-(Pty)-Ltd,,,,,,,,
Jewel-Africa,http://www.satsa.com/item/Jewel-Africa,,,,,,,,
Jewel-of-Africa-Safaris,http://www.satsa.com/item/Jewel-of-Africa-Safaris,,,,,,,,
Joanne-Buitendach-t/a-Past-Experiences,http://www.satsa.com/item/Joanne-Buitendach-t/a-Past-Experiences,,,,,,,,
Joburg-Tourism,http://www.satsa.com/item/Joburg-Tourism,,,,,,,,
John-Pearse-Safaris-division-of-Majinga-Consulting-(Pty)-Ltd,http://www.satsa.com/item/John-Pearse-Safaris-division-of-Majinga-Consulting-(Pty)-Ltd,,,,,,,,
Jollyboys-Backpackers,http://www.satsa.com/item/Jollyboys-Backpackers,,,,,,,,
Journey-Beyond-(Pty)-Ltd,http://www.satsa.com/item/Journey-Beyond-(Pty)-Ltd,,,,,,,,
Journey-In-Style,http://www.satsa.com/item/Journey-In-Style,,,,,,,,
Julnic-Tours,http://www.satsa.com/item/Julnic-Tours,,,,,,,,
Jumanji-African-Tour-Brokers,http://www.satsa.com/item/Jumanji-African-Tour-Brokers,,,,,,,,
Jumbo-Tours,http://www.satsa.com/item/Jumbo-Tours,,,,,,,,
K-and-K-Delicacies-(Pty)-Ltd,http://www.satsa.com/item/K-and-K-Delicacies-(Pty)-Ltd,,,,,,,,
Kabura-Trading-(Pty)-Ltd,http://www.satsa.com/item/Kabura-Trading-(Pty)-Ltd,,,,,,,,
Kagga-Kamma-Nature-Reserve,http://www.satsa.com/item/Kagga-Kamma-Nature-Reserve,,,,,,,,
Kamaroutes-Travel-Designers,http://www.satsa.com/item/Kamaroutes-Travel-Designers,,,,,,,,
Kambaku-River-Lodge,http://www.satsa.com/item/Kambaku-River-Lodge,,,,,,,,
Kamooni-Pty-Ltd,http://www.satsa.com/item/Kamooni-Pty-Ltd,,,,,,,,
Kangela-Safaris-Pty-Ltd,http://www.satsa.com/item/Kangela-Safaris-Pty-Ltd,,,,,,,,
Kariega-Park-(Pty)-Ltd,http://www.satsa.com/item/Kariega-Park-(Pty)-Ltd,,,,,,,,
Karongwe-Portfolio-t/a-Impulupudi-Game-Lodge,http://www.satsa.com/item/Karongwe-Portfolio-t/a-Impulupudi-Game-Lodge,,,,,,,,
Katlego-Luxury-Tours-&-Safaris-(Pty)-Ltd,http://www.satsa.com/item/Katlego-Luxury-Tours-&-Safaris-(Pty)-Ltd,,,,,,,,
KDA-Travel-and-Tours-(Pty)-Ltd,http://www.satsa.com/item/KDA-Travel-and-Tours-(Pty)-Ltd,,,,,,,,
Kedar-Country-Retreat,http://www.satsa.com/item/Kedar-Country-Retreat,,,,,,,,
Ker-&-Downey-South-Africa-(Pty)-Ltd,http://www.satsa.com/item/Ker-&-Downey-South-Africa-(Pty)-Ltd,,,,,,,,
Ker-Safari-(Pty)-Ltd-t/a-Wild-Planet-Safari,http://www.satsa.com/item/Ker-Safari-(Pty)-Ltd-t/a-Wild-Planet-Safari,,,,,,,,
KgokareTours,http://www.satsa.com/item/KgokareTours,,,,,,,,
Khaki-Fever-Safaris,http://www.satsa.com/item/Khaki-Fever-Safaris,,,,,,,,
Khalanga-Safaris,http://www.satsa.com/item/Khalanga-Safaris,,,,,,,,
Khamkirri-Pty-Ltd,http://www.satsa.com/item/Khamkirri-Pty-Ltd,,,,,,,,
Kiboko-Adventures,http://www.satsa.com/item/Kiboko-Adventures,,,,,,,,
Kiburi-Holdings,http://www.satsa.com/item/Kiburi-Holdings,,,,,,,,
Kiff-Kombi-Tours,http://www.satsa.com/item/Kiff-Kombi-Tours,,,,,,,,
Kilima-Private-Game-Reserve-&-Spa,http://www.satsa.com/item/Kilima-Private-Game-Reserve-&-Spa,,,,,,,,
Kimba-Africa,http://www.satsa.com/item/Kimba-Africa,,,,,,,,
Kitso-Trading-72-cc,http://www.satsa.com/item/Kitso-Trading-72-cc,,,,,,,,
Kleinplaas,http://www.satsa.com/item/Kleinplaas,,,,,,,,
Knysna-Elephant-Park,http://www.satsa.com/item/Knysna-Elephant-Park,,,,,,,,
Knysna-Hotel-CC,http://www.satsa.com/item/Knysna-Hotel-CC,,,,,,,,
Knysna-Spring-Tide-Charters-cc,http://www.satsa.com/item/Knysna-Spring-Tide-Charters-cc,,,,,,,,
Kobo-Safaris-South-Africa-(Pty)-Ltd,http://www.satsa.com/item/Kobo-Safaris-South-Africa-(Pty)-Ltd,,,,,,,,
Komatiland-Ecotourism,http://www.satsa.com/item/Komatiland-Ecotourism,,,,,,,,
Kone-Village-Boutique-Lodge,http://www.satsa.com/item/Kone-Village-Boutique-Lodge,,,,,,,,
Kontrei-Traveller,http://www.satsa.com/item/Kontrei-Traveller,,,,,,,,
Korean-African-Business-Centre,http://www.satsa.com/item/Korean-African-Business-Centre,,,,,,,,
Kruger-Adventure-Safaris,http://www.satsa.com/item/Kruger-Adventure-Safaris,,,,,,,,
Kruger-Echo-Transfers-&-Accommodation,http://www.satsa.com/item/Kruger-Echo-Transfers-&-Accommodation,,,,,,,,
Kruger-Lowveld-Tourism,http://www.satsa.com/item/Kruger-Lowveld-Tourism,,,,,,,,
Kruger-Mpumalanga-International-Airport,http://www.satsa.com/item/Kruger-Mpumalanga-International-Airport,,,,,,,,
Kruger-Park-Travel,http://www.satsa.com/item/Kruger-Park-Travel,,,,,,,,
Kubu-Safari-Lodge,http://www.satsa.com/item/Kubu-Safari-Lodge,,,,,,,,
Kukummi-Safaris-cc,http://www.satsa.com/item/Kukummi-Safaris-cc,,,,,,,,
Kurt-Safaris-cc,http://www.satsa.com/item/Kurt-Safaris-cc,,,,,,,,
Kurus-English,http://www.satsa.com/item/Kurus-English,,,,,,,,
Kuxia-African-Safari-Travel-(Pty)-Ltd,http://www.satsa.com/item/Kuxia-African-Safari-Travel-(Pty)-Ltd,,,,,,,,
Kwandwe-Private-Game-Reserve,http://www.satsa.com/item/Kwandwe-Private-Game-Reserve,,,,,,,,
Kwantu-Private-Game-Reserve-(Pty)-Ltd,http://www.satsa.com/item/Kwantu-Private-Game-Reserve-(Pty)-Ltd,,,,,,,,
Kwathlano-Tours-&-Safaris-cc,http://www.satsa.com/item/Kwathlano-Tours-&-Safaris-cc,,,,,,,,
La-Cle-Des-Montagnes,http://www.satsa.com/item/La-Cle-Des-Montagnes,,,,,,,,
LAL-Language-Centres-South-Africa-Pty-Ltd,http://www.satsa.com/item/LAL-Language-Centres-South-Africa-Pty-Ltd,,,,,,,,
Landscape-Tours,http://www.satsa.com/item/Landscape-Tours,,,,,,,,
Langa-Langa-Safaris,http://www.satsa.com/item/Langa-Langa-Safaris,,,,,,,,
Language-Link,http://www.satsa.com/item/Language-Link,,,,,,,,
Latest-Sightings,http://www.satsa.com/item/Latest-Sightings,,,,,,,,
"Lawsons-Birding,-Wildlife-&-Custom-Safaris","http://www.satsa.com/item/Lawsons-Birding,-Wildlife-&-Custom-Safaris",,,,,,,,
LE-QUARTIER-FRANCAIS-(PTY)-LTD,http://www.satsa.com/item/LE-QUARTIER-FRANCAIS-(PTY)-LTD,,,,,,,,
Lebos-Soweto-Backpackers,http://www.satsa.com/item/Lebos-Soweto-Backpackers,,,,,,,,
Lefe-Blue-Mountain-Lodge-(Pty)-Ltd,http://www.satsa.com/item/Lefe-Blue-Mountain-Lodge-(Pty)-Ltd,,,,,,,,
Legacy-Hotels-Management-Services-(Pty)-Ltd,http://www.satsa.com/item/Legacy-Hotels-Management-Services-(Pty)-Ltd,,,,,,,,
Legend-Hospitality-Group-(Pty)-Ltd,http://www.satsa.com/item/Legend-Hospitality-Group-(Pty)-Ltd,,,,,,,,
Legend-Safaris,http://www.satsa.com/item/Legend-Safaris,,,,,,,,
Legend-Tours-CC,http://www.satsa.com/item/Legend-Tours-CC,,,,,,,,
Lengau-Travel-&-Tours,http://www.satsa.com/item/Lengau-Travel-&-Tours,,,,,,,,
Leopard-Voyage,http://www.satsa.com/item/Leopard-Voyage,,,,,,,,
Leratong-Tourism,http://www.satsa.com/item/Leratong-Tourism,,,,,,,,
Lets-Go-Adventures-(Pty)Ltd,http://www.satsa.com/item/Lets-Go-Adventures-(Pty)Ltd,,,,,,,,
Lion-Roars-Safaris-&-Lodges-(Pty)-Ltd,http://www.satsa.com/item/Lion-Roars-Safaris-&-Lodges-(Pty)-Ltd,,,,,,,,
Little-5-Safaris,http://www.satsa.com/item/Little-5-Safaris,,,,,,,,
Live-the-Journey-(Pty)-Ltd,http://www.satsa.com/item/Live-the-Journey-(Pty)-Ltd,,,,,,,,
Livingstone-Safaris,http://www.satsa.com/item/Livingstone-Safaris,,,,,,,,
Liz-McGrath-Collection-(PTY)-Ltd,http://www.satsa.com/item/Liz-McGrath-Collection-(PTY)-Ltd,,,,,,,,
Loisico-cc,http://www.satsa.com/item/Loisico-cc,,,,,,,,
louis-THE-lawyer,http://www.satsa.com/item/louis-THE-lawyer,,,,,,,,
LTC,http://www.satsa.com/item/LTC,,,,,,,,
Lucky-and-Lost-Tours,http://www.satsa.com/item/Lucky-and-Lost-Tours,,,,,,,,
Lukimbi-Safari-Lodge-(Pty)-Ltd,http://www.satsa.com/item/Lukimbi-Safari-Lodge-(Pty)-Ltd,,,,,,,,
Luthuli-Museum,http://www.satsa.com/item/Luthuli-Museum,,,,,,,,
Luxury-Hotels-International-SA-(Pty)-Ltd,http://www.satsa.com/item/Luxury-Hotels-International-SA-(Pty)-Ltd,,,,,,,,
Luxus-Travel-&-Tours,http://www.satsa.com/item/Luxus-Travel-&-Tours,,,,,,,,
Luzuko-Hospitality-Services,http://www.satsa.com/item/Luzuko-Hospitality-Services,,,,,,,,
LX-Tours-and-Travel-(Pty)-Ltd,http://www.satsa.com/item/LX-Tours-and-Travel-(Pty)-Ltd,,,,,,,,
Magaliesberg-Canopy-Tour,http://www.satsa.com/item/Magaliesberg-Canopy-Tour,,,,,,,,
Mahala-Loyalty-Programme,http://www.satsa.com/item/Mahala-Loyalty-Programme,,,,,,,,
Mainstream-Tours-&-Charters-cc,http://www.satsa.com/item/Mainstream-Tours-&-Charters-cc,,,,,,,,
Major-Adventures,http://www.satsa.com/item/Major-Adventures,,,,,,,,
Makgabeng-Farm-Lodge,http://www.satsa.com/item/Makgabeng-Farm-Lodge,,,,,,,,
Makweti-Safari-Lodge,http://www.satsa.com/item/Makweti-Safari-Lodge,,,,,,,,
Mala-Mala-Game-Reserve,http://www.satsa.com/item/Mala-Mala-Game-Reserve,,,,,,,,
Malikia-African-Tours,http://www.satsa.com/item/Malikia-African-Tours,,,,,,,,
Manage-My-Home,http://www.satsa.com/item/Manage-My-Home,,,,,,,,
Mantis-Developments-SA-(Pty)-Ltd,http://www.satsa.com/item/Mantis-Developments-SA-(Pty)-Ltd,,,,,,,,
Marang-Gardens-Lodge,http://www.satsa.com/item/Marang-Gardens-Lodge,,,,,,,,
Marhaba-4X4-Tours,http://www.satsa.com/item/Marhaba-4X4-Tours,,,,,,,,
Marine-Dynamics-Tours,http://www.satsa.com/item/Marine-Dynamics-Tours,,,,,,,,
Masase-Transfers-and-Tours,http://www.satsa.com/item/Masase-Transfers-and-Tours,,,,,,,,
Mask-Expeditions-(Pty)-Ltd,http://www.satsa.com/item/Mask-Expeditions-(Pty)-Ltd,,,,,,,,
Matimba-Bush-Lodge,http://www.satsa.com/item/Matimba-Bush-Lodge,,,,,,,,
Matumba-Safaris,http://www.satsa.com/item/Matumba-Safaris,,,,,,,,
Mava-Research-Corporation-CC,http://www.satsa.com/item/Mava-Research-Corporation-CC,,,,,,,,
Mbombela-Experience-(PTY)Ltd,http://www.satsa.com/item/Mbombela-Experience-(PTY)Ltd,,,,,,,,
Mdumbi-Backpackers,http://www.satsa.com/item/Mdumbi-Backpackers,,,,,,,,
Mega-Bus-&-Coach,http://www.satsa.com/item/Mega-Bus-&-Coach,,,,,,,,
Mercury-80-Destination-Management,http://www.satsa.com/item/Mercury-80-Destination-Management,,,,,,,,
Mfafa-Safaris-cc,http://www.satsa.com/item/Mfafa-Safaris-cc,,,,,,,,
Micato-Safaris-(Pty)-Ltd,http://www.satsa.com/item/Micato-Safaris-(Pty)-Ltd,,,,,,,,
Midlands-Meander-Association,http://www.satsa.com/item/Midlands-Meander-Association,,,,,,,,
Mile-by-Mile-Tours-cc,http://www.satsa.com/item/Mile-by-Mile-Tours-cc,,,,,,,,
Minor-Hotel-Group-SA-(Pty)-Ltd,http://www.satsa.com/item/Minor-Hotel-Group-SA-(Pty)-Ltd,,,,,,,,
Miola-Safaris-(Pty)-Ltd,http://www.satsa.com/item/Miola-Safaris-(Pty)-Ltd,,,,,,,,
Mirchee-(Pty)-Ltd,http://www.satsa.com/item/Mirchee-(Pty)-Ltd,,,,,,,,
Mkuze-Falls-Game-Reserve-(Pty)-Ltd,http://www.satsa.com/item/Mkuze-Falls-Game-Reserve-(Pty)-Ltd,,,,,,,,
MLT-Corporation,http://www.satsa.com/item/MLT-Corporation,,,,,,,,
Mmilo-Tours-cc,http://www.satsa.com/item/Mmilo-Tours-cc,,,,,,,,
Moafrika-Tours,http://www.satsa.com/item/Moafrika-Tours,,,,,,,,
Montusi-Mountain-Lodge,http://www.satsa.com/item/Montusi-Mountain-Lodge,,,,,,,,
Monzi-Safaris-Backpackers,http://www.satsa.com/item/Monzi-Safaris-Backpackers,,,,,,,,
Moolmanshoek-Private-Game-Reserve-(Pty)-Ltd,http://www.satsa.com/item/Moolmanshoek-Private-Game-Reserve-(Pty)-Ltd,,,,,,,,
More-&-More-Africa,http://www.satsa.com/item/More-&-More-Africa,,,,,,,,
MORE-Lodges-and-Hotels,http://www.satsa.com/item/MORE-Lodges-and-Hotels,,,,,,,,
Mossel-Bay-Backpackers-CC,http://www.satsa.com/item/Mossel-Bay-Backpackers-CC,,,,,,,,
Mossel-Bay-Tourism,http://www.satsa.com/item/Mossel-Bay-Tourism,,,,,,,,
Mother-City-SkyDiving---Cape-Town,http://www.satsa.com/item/Mother-City-SkyDiving---Cape-Town,,,,,,,,
Mount-Zion-Tours-&-Travels-(Pty)-Ltd,http://www.satsa.com/item/Mount-Zion-Tours-&-Travels-(Pty)-Ltd,,,,,,,,
Mountain-Inn,http://www.satsa.com/item/Mountain-Inn,,,,,,,,
Mountain-Manor-Guest-House-and-Executive-Suites-and-FlashPackers,http://www.satsa.com/item/Mountain-Manor-Guest-House-and-Executive-Suites-and-FlashPackers,,,,,,,,
Mozambique-Tours-cc,http://www.satsa.com/item/Mozambique-Tours-cc,,,,,,,,
Mr-Pells-House,http://www.satsa.com/item/Mr-Pells-House,,,,,,,,
Muzi-safari-tours,http://www.satsa.com/item/Muzi-safari-tours,,,,,,,,
My-Choice-Travel-(Pty)-Ltd,http://www.satsa.com/item/My-Choice-Travel-(Pty)-Ltd,,,,,,,,
NAC,http://www.satsa.com/item/NAC,,,,,,,,
NAC-Travel-International,http://www.satsa.com/item/NAC-Travel-International,,,,,,,,
Nalah-Africa-Bespoke-Safaris,http://www.satsa.com/item/Nalah-Africa-Bespoke-Safaris,,,,,,,,
Nandzana-Safaris,http://www.satsa.com/item/Nandzana-Safaris,,,,,,,,
Natural-Selection-Safaris,http://www.satsa.com/item/Natural-Selection-Safaris,,,,,,,,
Nature-Uncut-Tours-cc,http://www.satsa.com/item/Nature-Uncut-Tours-cc,,,,,,,,
Ndila-Transfers-cc,http://www.satsa.com/item/Ndila-Transfers-cc,,,,,,,,
Needles-Lodge,http://www.satsa.com/item/Needles-Lodge,,,,,,,,
NeilLyon-Tours-&-Safaris-cc,http://www.satsa.com/item/NeilLyon-Tours-&-Safaris-cc,,,,,,,,
Nelson-Mandela-Bay-Municipality,http://www.satsa.com/item/Nelson-Mandela-Bay-Municipality,,,,,,,,
Nelson-Mandela-University,http://www.satsa.com/item/Nelson-Mandela-University,,,,,,,,
Never@home-Cape-Town,http://www.satsa.com/item/Never@home-Cape-Town,,,,,,,,
New-African-Safaris,http://www.satsa.com/item/New-African-Safaris,,,,,,,,
New-Frontiers-Tours-(Pty)-Ltd,http://www.satsa.com/item/New-Frontiers-Tours-(Pty)-Ltd,,,,,,,,
New-Star-International-Business-Travel-&-Consulting-Cc,http://www.satsa.com/item/New-Star-International-Business-Travel-&-Consulting-Cc,,,,,,,,
New-World-Safaris,http://www.satsa.com/item/New-World-Safaris,,,,,,,,
"Newmark-Hotels,-Reserves-&-Lodges","http://www.satsa.com/item/Newmark-Hotels,-Reserves-&-Lodges",,,,,,,,
NEXT360-(Pty)-Ltd,http://www.satsa.com/item/NEXT360-(Pty)-Ltd,,,,,,,,
Nexus-tour-services,http://www.satsa.com/item/Nexus-tour-services,,,,,,,,
NH-The-Lord-Charles-Hotel,http://www.satsa.com/item/NH-The-Lord-Charles-Hotel,,,,,,,,
Nhongo-Safaris,http://www.satsa.com/item/Nhongo-Safaris,,,,,,,,
Nightsbridge,http://www.satsa.com/item/Nightsbridge,,,,,,,,
Nine-FlowersTravel-Service,http://www.satsa.com/item/Nine-FlowersTravel-Service,,,,,,,,
Nomjey-Tours-and-Reservations,http://www.satsa.com/item/Nomjey-Tours-and-Reservations,,,,,,,,
Nordic-Travel-cc,http://www.satsa.com/item/Nordic-Travel-cc,,,,,,,,
North-Coast-Holiday-Homes,http://www.satsa.com/item/North-Coast-Holiday-Homes,,,,,,,,
Now-Media,http://www.satsa.com/item/Now-Media,,,,,,,,
Ntwanano-Tours-and-Travel-cc,http://www.satsa.com/item/Ntwanano-Tours-and-Travel-cc,,,,,,,,
Nyati-Safari-Lodge,http://www.satsa.com/item/Nyati-Safari-Lodge,,,,,,,,
O.I.A.-Tours-cc,http://www.satsa.com/item/O.I.A.-Tours-cc,,,,,,,,
Ocean-Blue-Adventures,http://www.satsa.com/item/Ocean-Blue-Adventures,,,,,,,,
Ocean-Odyssey-Charters-cc,http://www.satsa.com/item/Ocean-Odyssey-Charters-cc,,,,,,,,
Ocean-Sailing-Charters,http://www.satsa.com/item/Ocean-Sailing-Charters,,,,,,,,
Oceana-Beach-&-Wildlife-Reserve,http://www.satsa.com/item/Oceana-Beach-&-Wildlife-Reserve,,,,,,,,
Oceanview-Tours-cc,http://www.satsa.com/item/Oceanview-Tours-cc,,,,,,,,
Off2Africa-(Pty)-Ltd,http://www.satsa.com/item/Off2Africa-(Pty)-Ltd,,,,,,,,
On-Any-Day-Adventures,http://www.satsa.com/item/On-Any-Day-Adventures,,,,,,,,
On-Show-Solutions-cc,http://www.satsa.com/item/On-Show-Solutions-cc,,,,,,,,
Once-in-Cape-Town-(Pty)-Ltd,http://www.satsa.com/item/Once-in-Cape-Town-(Pty)-Ltd,,,,,,,,
Ondese-Safaris,http://www.satsa.com/item/Ondese-Safaris,,,,,,,,
One-Turn-Trading-158-(Pty)-Ltd,http://www.satsa.com/item/One-Turn-Trading-158-(Pty)-Ltd,,,,,,,,
One&Only-Cape-Town,http://www.satsa.com/item/One&Only-Cape-Town,,,,,,,,
Open-Road-Transfers-&-Tours-cc,http://www.satsa.com/item/Open-Road-Transfers-&-Tours-cc,,,,,,,,
OpentourAfrica-Pty-Ltd,http://www.satsa.com/item/OpentourAfrica-Pty-Ltd,,,,,,,,
Optima-Holidays,http://www.satsa.com/item/Optima-Holidays,,,,,,,,
OR-Tambo-Kruger-Park-Luxury-Coach,http://www.satsa.com/item/OR-Tambo-Kruger-Park-Luxury-Coach,,,,,,,,
Oryx-Photo-Tours,http://www.satsa.com/item/Oryx-Photo-Tours,,,,,,,,
Oubaai-Hotel-Golf-and-Spa,http://www.satsa.com/item/Oubaai-Hotel-Golf-and-Spa,,,,,,,,
Oudtshoorn-Tourism-Bureau,http://www.satsa.com/item/Oudtshoorn-Tourism-Bureau,,,,,,,,
Out-and-About-Travel-(Pty)-Ltd,http://www.satsa.com/item/Out-and-About-Travel-(Pty)-Ltd,,,,,,,,
Out-There-Tours,http://www.satsa.com/item/Out-There-Tours,,,,,,,,
Outeniqua-Travellers-Lodge,http://www.satsa.com/item/Outeniqua-Travellers-Lodge,,,,,,,,
Outlook-Safaris,http://www.satsa.com/item/Outlook-Safaris,,,,,,,,
Oxford-English-Academy,http://www.satsa.com/item/Oxford-English-Academy,,,,,,,,
Pack-Safari-(Pty)-Ltd,http://www.satsa.com/item/Pack-Safari-(Pty)-Ltd,,,,,,,,
Palm-Dune-Resort-Investments-cc,http://www.satsa.com/item/Palm-Dune-Resort-Investments-cc,,,,,,,,
Pangaea-Pty-Ltd,http://www.satsa.com/item/Pangaea-Pty-Ltd,,,,,,,,
Panorama-Pedals,http://www.satsa.com/item/Panorama-Pedals,,,,,,,,
Panthera-Africa-Big-Cat-Sanctuary,http://www.satsa.com/item/Panthera-Africa-Big-Cat-Sanctuary,,,,,,,,
Paperjet-Travel,http://www.satsa.com/item/Paperjet-Travel,,,,,,,,
Paradise-Touring,http://www.satsa.com/item/Paradise-Touring,,,,,,,,
Parapax-Tandem-Paragliding,http://www.satsa.com/item/Parapax-Tandem-Paragliding,,,,,,,,
Paris-Africa-International-Tours,http://www.satsa.com/item/Paris-Africa-International-Tours,,,,,,,,
Peak-Adventure-Travel-(Pty)-Ltd,http://www.satsa.com/item/Peak-Adventure-Travel-(Pty)-Ltd,,,,,,,,
Peaks-of-Africa,http://www.satsa.com/item/Peaks-of-Africa,,,,,,,,
Peermont-Global-(Pty)-Ltd,http://www.satsa.com/item/Peermont-Global-(Pty)-Ltd,,,,,,,,
Peku-Peku,http://www.satsa.com/item/Peku-Peku,,,,,,,,
PelePele-Travel-&-Marketing,http://www.satsa.com/item/PelePele-Travel-&-Marketing,,,,,,,,
Pembury-Tours,http://www.satsa.com/item/Pembury-Tours,,,,,,,,
Perfect-Africa,http://www.satsa.com/item/Perfect-Africa,,,,,,,,
Perfect-Safaris,http://www.satsa.com/item/Perfect-Safaris,,,,,,,,
Pestana-Kruger-Lodge,http://www.satsa.com/item/Pestana-Kruger-Lodge,,,,,,,,
PG-Tops-Travel-&-Tours,http://www.satsa.com/item/PG-Tops-Travel-&-Tours,,,,,,,,
Pili-Pili-Beach-Cabanas,http://www.satsa.com/item/Pili-Pili-Beach-Cabanas,,,,,,,,
"Place-of-Rock,-Tours-&-Safaris","http://www.satsa.com/item/Place-of-Rock,-Tours-&-Safaris",,,,,,,,
Plattner-Golf-(Pty)-Ltd,http://www.satsa.com/item/Plattner-Golf-(Pty)-Ltd,,,,,,,,
Plett-Villas,http://www.satsa.com/item/Plett-Villas,,,,,,,,
Point-of-human-origins,http://www.satsa.com/item/Point-of-human-origins,,,,,,,,
Pongoa-Travel-(-Pty)-Ltd,http://www.satsa.com/item/Pongoa-Travel-(-Pty)-Ltd,,,,,,,,
President-Hotel-(Cape-Town),http://www.satsa.com/item/President-Hotel-(Cape-Town),,,,,,,,
Pretoria-Backpackers,http://www.satsa.com/item/Pretoria-Backpackers,,,,,,,,
Pride-Lodges-Pty-Ltd,http://www.satsa.com/item/Pride-Lodges-Pty-Ltd,,,,,,,,
Prima-Luce-Tours-&-Safaris,http://www.satsa.com/item/Prima-Luce-Tours-&-Safaris,,,,,,,,
Private-Safaris-(Pty)-Ltd,http://www.satsa.com/item/Private-Safaris-(Pty)-Ltd,,,,,,,,
Prodive,http://www.satsa.com/item/Prodive,,,,,,,,
Pronto-Shuttles,http://www.satsa.com/item/Pronto-Shuttles,,,,,,,,
Propel-Africa-Destination-Management,http://www.satsa.com/item/Propel-Africa-Destination-Management,,,,,,,,
Pulse-Africa,http://www.satsa.com/item/Pulse-Africa,,,,,,,,
Q2-Travel-(Pty)-Ltd,http://www.satsa.com/item/Q2-Travel-(Pty)-Ltd,,,,,,,,
Q2B-Solutions-(Pty)-Ltd,http://www.satsa.com/item/Q2B-Solutions-(Pty)-Ltd,,,,,,,,
Qaphela-Business-Consulting-and-Training-(Pty)-Ltd,http://www.satsa.com/item/Qaphela-Business-Consulting-and-Training-(Pty)-Ltd,,,,,,,,
QC-Traveling-Agency,http://www.satsa.com/item/QC-Traveling-Agency,,,,,,,,
Raggy-Charters,http://www.satsa.com/item/Raggy-Charters,,,,,,,,
Ranger-Buck-Safaris,http://www.satsa.com/item/Ranger-Buck-Safaris,,,,,,,,
RCJM-Travel-&-Tours,http://www.satsa.com/item/RCJM-Travel-&-Tours,,,,,,,,
Rebll-Adventures,http://www.satsa.com/item/Rebll-Adventures,,,,,,,,
Red-Africa-Safaris-CC,http://www.satsa.com/item/Red-Africa-Safaris-CC,,,,,,,,
Redberry-Farm,http://www.satsa.com/item/Redberry-Farm,,,,,,,,
Redfoot-Safaris,http://www.satsa.com/item/Redfoot-Safaris,,,,,,,,
Regent-Safaris,http://www.satsa.com/item/Regent-Safaris,,,,,,,,
Resolute-Travel-(Pty)-Ltd,http://www.satsa.com/item/Resolute-Travel-(Pty)-Ltd,,,,,,,,
ResRequest,http://www.satsa.com/item/ResRequest,,,,,,,,
RETURNAfrica,http://www.satsa.com/item/RETURNAfrica,,,,,,,,
Retza-Pty-(Ltd),http://www.satsa.com/item/Retza-Pty-(Ltd),,,,,,,,
Rhino-Africa-Safaris-(Pty)-Ltd,http://www.satsa.com/item/Rhino-Africa-Safaris-(Pty)-Ltd,,,,,,,,
Rhino-Ridge-Safari-Lodge,http://www.satsa.com/item/Rhino-Ridge-Safari-Lodge,,,,,,,,
Rhino-Walking-Safaris-Pty-Ltd,http://www.satsa.com/item/Rhino-Walking-Safaris-Pty-Ltd,,,,,,,,
Rhythm-Africa-Tours-and-Safaris-cc,http://www.satsa.com/item/Rhythm-Africa-Tours-and-Safaris-cc,,,,,,,,
Ride-Down-South,http://www.satsa.com/item/Ride-Down-South,,,,,,,,
Rille-Eyes-Solidarity-(pty)-Ltd,http://www.satsa.com/item/Rille-Eyes-Solidarity-(pty)-Ltd,,,,,,,,
Roadtrippers-Travel,http://www.satsa.com/item/Roadtrippers-Travel,,,,,,,,
Roaring-Forties-cc,http://www.satsa.com/item/Roaring-Forties-cc,,,,,,,,
Robben-Island-Museum,http://www.satsa.com/item/Robben-Island-Museum,,,,,,,,
Robert-Mark-Safaris-South-Africa-(Pty)-Ltd,http://www.satsa.com/item/Robert-Mark-Safaris-South-Africa-(Pty)-Ltd,,,,,,,,
Rock-Sun-Travel-cc,http://www.satsa.com/item/Rock-Sun-Travel-cc,,,,,,,,
Rock-the-Route,http://www.satsa.com/item/Rock-the-Route,,,,,,,,
Rockjumper-Birding-Limited,http://www.satsa.com/item/Rockjumper-Birding-Limited,,,,,,,,
Rockjumper-Birding-Tours-cc,http://www.satsa.com/item/Rockjumper-Birding-Tours-cc,,,,,,,,
"Roho-Ya-Chui-Travel,-Photography-&-Training-(Pty)-Ltd","http://www.satsa.com/item/Roho-Ya-Chui-Travel,-Photography-&-Training-(Pty)-Ltd",,,,,,,,
Roof-of-Africa-Tours,http://www.satsa.com/item/Roof-of-Africa-Tours,,,,,,,,
Roots-Africa-Tours-cc,http://www.satsa.com/item/Roots-Africa-Tours-cc,,,,,,,,
Rossco-Car-Rental-Shuttle-and-Tours,http://www.satsa.com/item/Rossco-Car-Rental-Shuttle-and-Tours,,,,,,,,
Rotwe-Travel-and-Tours,http://www.satsa.com/item/Rotwe-Travel-and-Tours,,,,,,,,
Rovos-Rail,http://www.satsa.com/item/Rovos-Rail,,,,,,,,
Royal-African-Discoveries-(Pty)-Ltd,http://www.satsa.com/item/Royal-African-Discoveries-(Pty)-Ltd,,,,,,,,
Royal-Malewane-(Pty)-Ltd,http://www.satsa.com/item/Royal-Malewane-(Pty)-Ltd,,,,,,,,
Ruby-Travel-Solutions,http://www.satsa.com/item/Ruby-Travel-Solutions,,,,,,,,
Rufaro-Destination-Management,http://www.satsa.com/item/Rufaro-Destination-Management,,,,,,,,
S.A.-Longway-International-Promotions-(Pty)-Ltd,http://www.satsa.com/item/S.A.-Longway-International-Promotions-(Pty)-Ltd,,,,,,,,
S.O.L.O.-Tourism,http://www.satsa.com/item/S.O.L.O.-Tourism,,,,,,,,
SA-Forest-Adventures,http://www.satsa.com/item/SA-Forest-Adventures,,,,,,,,
SA-Magic-Tours,http://www.satsa.com/item/SA-Magic-Tours,,,,,,,,
SA-Roadtrippers,http://www.satsa.com/item/SA-Roadtrippers,,,,,,,,
SA-Star-Tours,http://www.satsa.com/item/SA-Star-Tours,,,,,,,,
SA.-Apartheid-Museum,http://www.satsa.com/item/SA.-Apartheid-Museum,,,,,,,,
Sabi-Sabi-Private-Game-Reserve,http://www.satsa.com/item/Sabi-Sabi-Private-Game-Reserve,,,,,,,,
Sable-Tours,http://www.satsa.com/item/Sable-Tours,,,,,,,,
Sacctn-Marketing-cc,http://www.satsa.com/item/Sacctn-Marketing-cc,,,,,,,,
Safari-Architects,http://www.satsa.com/item/Safari-Architects,,,,,,,,
Safari-Coach-Charter,http://www.satsa.com/item/Safari-Coach-Charter,,,,,,,,
Safari-Creators,http://www.satsa.com/item/Safari-Creators,,,,,,,,
Safari-for-Real,http://www.satsa.com/item/Safari-for-Real,,,,,,,,
Safari-Giants,http://www.satsa.com/item/Safari-Giants,,,,,,,,
Safari-Online-cc,http://www.satsa.com/item/Safari-Online-cc,,,,,,,,
Safari-Ostrich-Show-Farm,http://www.satsa.com/item/Safari-Ostrich-Show-Farm,,,,,,,,
Safari-Royale-(Pty)-Ltd,http://www.satsa.com/item/Safari-Royale-(Pty)-Ltd,,,,,,,,
Safari-Studio,http://www.satsa.com/item/Safari-Studio,,,,,,,,
Safari-With-Us,http://www.satsa.com/item/Safari-With-Us,,,,,,,,
Safari365,http://www.satsa.com/item/Safari365,,,,,,,,
Safaria,http://www.satsa.com/item/Safaria,,,,,,,,
Safarisdirect,http://www.satsa.com/item/Safarisdirect,,,,,,,,
Safarisource-Pty-Ltd,http://www.satsa.com/item/Safarisource-Pty-Ltd,,,,,,,,
Saffa-Tours-(Pty)-Ltd,http://www.satsa.com/item/Saffa-Tours-(Pty)-Ltd,,,,,,,,
Safpol-Safaris,http://www.satsa.com/item/Safpol-Safaris,,,,,,,,
Saltycrax-Adventures,http://www.satsa.com/item/Saltycrax-Adventures,,,,,,,,
SAMA-Tours-cc,http://www.satsa.com/item/SAMA-Tours-cc,,,,,,,,
Samba---Motor-Cycle-Tours,http://www.satsa.com/item/Samba---Motor-Cycle-Tours,,,,,,,,
Sanbona-Wildlife-Reserve-(Pty)-Ltd,http://www.satsa.com/item/Sanbona-Wildlife-Reserve-(Pty)-Ltd,,,,,,,,
Sandown-Tours-&-Incentives,http://www.satsa.com/item/Sandown-Tours-&-Incentives,,,,,,,,
Sani-Lodge,http://www.satsa.com/item/Sani-Lodge,,,,,,,,
Sani-Pass-Tours,http://www.satsa.com/item/Sani-Pass-Tours,,,,,,,,
SATravellers,http://www.satsa.com/item/SATravellers,,,,,,,,
Savanna-Private-Game-Reserve-(Pty)-Ltd,http://www.satsa.com/item/Savanna-Private-Game-Reserve-(Pty)-Ltd,,,,,,,,
SA-Venues.com,http://www.satsa.com/item/SA-Venues.com,,,,,,,,
Seasons-In-Africa,http://www.satsa.com/item/Seasons-In-Africa,,,,,,,,
Secluded-Africa,http://www.satsa.com/item/Secluded-Africa,,,,,,,,
Sefapane-Lodge-&-Safaris,http://www.satsa.com/item/Sefapane-Lodge-&-Safaris,,,,,,,,
Select-Destinations-Southern-Africa-(Pty)-Ltd,http://www.satsa.com/item/Select-Destinations-Southern-Africa-(Pty)-Ltd,,,,,,,,
Selley-Safaris-Travel-&-Tours,http://www.satsa.com/item/Selley-Safaris-Travel-&-Tours,,,,,,,,
SF-Busdiens,http://www.satsa.com/item/SF-Busdiens,,,,,,,,
SFJ-Consulting-(Pty)-Ltd,http://www.satsa.com/item/SFJ-Consulting-(Pty)-Ltd,,,,,,,,
Shamwari-Private-Game-Reserve,http://www.satsa.com/item/Shamwari-Private-Game-Reserve,,,,,,,,
Shangri-La-Country-Hotel-&-Spa,http://www.satsa.com/item/Shangri-La-Country-Hotel-&-Spa,,,,,,,,
Shayamanzi-Houseboats,http://www.satsa.com/item/Shayamanzi-Houseboats,,,,,,,,
Shimansky-The-Diamond-Experience,http://www.satsa.com/item/Shimansky-The-Diamond-Experience,,,,,,,,
Shinzelle-Safaris,http://www.satsa.com/item/Shinzelle-Safaris,,,,,,,,
Shonalanga-Tours,http://www.satsa.com/item/Shonalanga-Tours,,,,,,,,
Sibuya-Game-Reserve-&-Lodge-(Pty)-Ltd,http://www.satsa.com/item/Sibuya-Game-Reserve-&-Lodge-(Pty)-Ltd,,,,,,,,
Sichem-Travel-And-Tours,http://www.satsa.com/item/Sichem-Travel-And-Tours,,,,,,,,
Sidewalk-Africa-Travels,http://www.satsa.com/item/Sidewalk-Africa-Travels,,,,,,,,
Sigma-International,http://www.satsa.com/item/Sigma-International,,,,,,,,
Signature-Tours,http://www.satsa.com/item/Signature-Tours,,,,,,,,
Sim-Tours,http://www.satsa.com/item/Sim-Tours,,,,,,,,
Singita,http://www.satsa.com/item/Singita,,,,,,,,
Siya-Phambile-Expeditions-(Pty)-Ltd,http://www.satsa.com/item/Siya-Phambile-Expeditions-(Pty)-Ltd,,,,,,,,
Siyabona-Africa-(Pty)-Ltd,http://www.satsa.com/item/Siyabona-Africa-(Pty)-Ltd,,,,,,,,
Skydive-Cape-Town-CC,http://www.satsa.com/item/Skydive-Cape-Town-CC,,,,,,,,
Skydive-Operations,http://www.satsa.com/item/Skydive-Operations,,,,,,,,
SkyRim-Travel-Africa-Pty-Ltd,http://www.satsa.com/item/SkyRim-Travel-Africa-Pty-Ltd,,,,,,,,
South-Africa-Experience,http://www.satsa.com/item/South-Africa-Experience,,,,,,,,
South-Africa-Time-Travel-Service-and-Business-Consultant,http://www.satsa.com/item/South-Africa-Time-Travel-Service-and-Business-Consultant,,,,,,,,
South-African-Airways,http://www.satsa.com/item/South-African-Airways,,,,,,,,
South-African-National-Parks,http://www.satsa.com/item/South-African-National-Parks,,,,,,,,
Southern-africa-360-Luxury-Holidays-&-Exclusive-Tours,http://www.satsa.com/item/Southern-africa-360-Luxury-Holidays-&-Exclusive-Tours,,,,,,,,
Southern-Africa-Places-cc,http://www.satsa.com/item/Southern-Africa-Places-cc,,,,,,,,
Southern-African-Tours,http://www.satsa.com/item/Southern-African-Tours,,,,,,,,
Southern-Circle-Tours-&-Safaris,http://www.satsa.com/item/Southern-Circle-Tours-&-Safaris,,,,,,,,
Southern-Destinations-cc,http://www.satsa.com/item/Southern-Destinations-cc,,,,,,,,
Southern-Sun-Hotel-Interests-(PTY)-LTD,http://www.satsa.com/item/Southern-Sun-Hotel-Interests-(PTY)-LTD,,,,,,,,
Southern-Tours-and-Safaris,http://www.satsa.com/item/Southern-Tours-and-Safaris,,,,,,,,
SouthernXplorer,http://www.satsa.com/item/SouthernXplorer,,,,,,,,
Spier-Resort-Management-(Pty)-Ltd,http://www.satsa.com/item/Spier-Resort-Management-(Pty)-Ltd,,,,,,,,
Spirit-of-Africa,http://www.satsa.com/item/Spirit-of-Africa,,,,,,,,
Spurwing-Tourism-Services-cc,http://www.satsa.com/item/Spurwing-Tourism-Services-cc,,,,,,,,
St-Francis-Links,http://www.satsa.com/item/St-Francis-Links,,,,,,,,
Steadfast-Africa,http://www.satsa.com/item/Steadfast-Africa,,,,,,,,
Stellenbosch-Adventure-Centre,http://www.satsa.com/item/Stellenbosch-Adventure-Centre,,,,,,,,
Stievie-Wonder-Tours,http://www.satsa.com/item/Stievie-Wonder-Tours,,,,,,,,
Stoked-School-of-Surf,http://www.satsa.com/item/Stoked-School-of-Surf,,,,,,,,
Stormsriver-Adventures-(Pty)-Ltd,http://www.satsa.com/item/Stormsriver-Adventures-(Pty)-Ltd,,,,,,,,
Sun-International-South-Africa-T/A-as-Sun-International-Management-Limited,http://www.satsa.com/item/Sun-International-South-Africa-T/A-as-Sun-International-Management-Limited,,,,,,,,
Sun-Safaris,http://www.satsa.com/item/Sun-Safaris,,,,,,,,
Sunny-Tours-&-Travel-Service-cc,http://www.satsa.com/item/Sunny-Tours-&-Travel-Service-cc,,,,,,,,
Sunrama-Travels,http://www.satsa.com/item/Sunrama-Travels,,,,,,,,
Sunrock-Guesthouse,http://www.satsa.com/item/Sunrock-Guesthouse,,,,,,,,
Sunway-Safaris-cc,http://www.satsa.com/item/Sunway-Safaris-cc,,,,,,,,
SW-Africa-Destination-Management,http://www.satsa.com/item/SW-Africa-Destination-Management,,,,,,,,
Swartberg-Biking,http://www.satsa.com/item/Swartberg-Biking,,,,,,,,
Table-Mountain-Aerial-Cableway-Company-(Pty)-Ltd,http://www.satsa.com/item/Table-Mountain-Aerial-Cableway-Company-(Pty)-Ltd,,,,,,,,
TAJ-Cape-Town,http://www.satsa.com/item/TAJ-Cape-Town,,,,,,,,
Tally-Ho-Tours-and-Safaris,http://www.satsa.com/item/Tally-Ho-Tours-and-Safaris,,,,,,,,
Tambuzi-Safaris,http://www.satsa.com/item/Tambuzi-Safaris,,,,,,,,
Tamrich-Tours-(Pty)-Ltd,http://www.satsa.com/item/Tamrich-Tours-(Pty)-Ltd,,,,,,,,
Tanda-Tula-(Pty)-Ltd,http://www.satsa.com/item/Tanda-Tula-(Pty)-Ltd,,,,,,,,
Tau-Game-Lodge,http://www.satsa.com/item/Tau-Game-Lodge,,,,,,,,
Tautona-Tours-and-Safaris,http://www.satsa.com/item/Tautona-Tours-and-Safaris,,,,,,,,
T-Cubed-Consulting-(Pty)-Ltd,http://www.satsa.com/item/T-Cubed-Consulting-(Pty)-Ltd,,,,,,,,
Tenikwa-Wildlife-Rehabilitation-and-Awareness-NPC,http://www.satsa.com/item/Tenikwa-Wildlife-Rehabilitation-and-Awareness-NPC,,,,,,,,
Terra-Nova-Tours,http://www.satsa.com/item/Terra-Nova-Tours,,,,,,,,
Thaba-Legae-Guest-Lodge,http://www.satsa.com/item/Thaba-Legae-Guest-Lodge,,,,,,,,
Thabela-Africa-DMC,http://www.satsa.com/item/Thabela-Africa-DMC,,,,,,,,
Thabile-Tours-and-Shuttle-cc,http://www.satsa.com/item/Thabile-Tours-and-Shuttle-cc,,,,,,,,
Thanda-Group,http://www.satsa.com/item/Thanda-Group,,,,,,,,
Thats-Africa-Travel-&-Incentives-cc,http://www.satsa.com/item/Thats-Africa-Travel-&-Incentives-cc,,,,,,,,
The-Backpack-&-Africa-Travel-Centre,http://www.satsa.com/item/The-Backpack-&-Africa-Travel-Centre,,,,,,,,
The-Cape-Discovered,http://www.satsa.com/item/The-Cape-Discovered,,,,,,,,
The-Cape-Explorer,http://www.satsa.com/item/The-Cape-Explorer,,,,,,,,
The-Corn-and-Cob-cc,http://www.satsa.com/item/The-Corn-and-Cob-cc,,,,,,,,
The-Craft-Of-Travel,http://www.satsa.com/item/The-Craft-Of-Travel,,,,,,,,
The-Golf-&-Game-Safari-Company,http://www.satsa.com/item/The-Golf-&-Game-Safari-Company,,,,,,,,
The-Incentive-House-&-Events-Company,http://www.satsa.com/item/The-Incentive-House-&-Events-Company,,,,,,,,
The-Inside-Edge-Destination-Management,http://www.satsa.com/item/The-Inside-Edge-Destination-Management,,,,,,,,
The-International-English-School-(TIES),http://www.satsa.com/item/The-International-English-School-(TIES),,,,,,,,
The-Kelway-Hotel,http://www.satsa.com/item/The-Kelway-Hotel,,,,,,,,
The-Last-Word-Hospitality-(Pty)-Ltd,http://www.satsa.com/item/The-Last-Word-Hospitality-(Pty)-Ltd,,,,,,,,
The-Long-Travel-Africa,http://www.satsa.com/item/The-Long-Travel-Africa,,,,,,,,
The-Mzansi-Experience,http://www.satsa.com/item/The-Mzansi-Experience,,,,,,,,
The-Other-Animals-Safaris,http://www.satsa.com/item/The-Other-Animals-Safaris,,,,,,,,
The-Paxton-Hotel,http://www.satsa.com/item/The-Paxton-Hotel,,,,,,,,
The-Red-Carnation-Hotel,http://www.satsa.com/item/The-Red-Carnation-Hotel,,,,,,,,
THE-SOURCE-PR-&-EVENTS-MANAGEMENT,http://www.satsa.com/item/THE-SOURCE-PR-&-EVENTS-MANAGEMENT,,,,,,,,
The-Sports-Team-Organisers-cc,http://www.satsa.com/item/The-Sports-Team-Organisers-cc,,,,,,,,
The-Travel-Cafe-Cape-Town,http://www.satsa.com/item/The-Travel-Cafe-Cape-Town,,,,,,,,
Thebe-Tourism-Group-(Pty)-Ltd,http://www.satsa.com/item/Thebe-Tourism-Group-(Pty)-Ltd,,,,,,,,
Thom-Media-&-Travel-(Pty)Ltd,http://www.satsa.com/item/Thom-Media-&-Travel-(Pty)Ltd,,,,,,,,
Thornybush-Luxury-Game-Lodge-Collection,http://www.satsa.com/item/Thornybush-Luxury-Game-Lodge-Collection,,,,,,,,
Thula-Seats-Private-Transfer-and-Shuttles,http://www.satsa.com/item/Thula-Seats-Private-Transfer-and-Shuttles,,,,,,,,
Tia-Kruger-Safaris,http://www.satsa.com/item/Tia-Kruger-Safaris,,,,,,,,
TIA-Travel-Imagination-Africa-(Pty)-Ltd,http://www.satsa.com/item/TIA-Travel-Imagination-Africa-(Pty)-Ltd,,,,,,,,
Timbuktu-Travel-Limited,http://www.satsa.com/item/Timbuktu-Travel-Limited,,,,,,,,
Timeless-Africa-Safaris,http://www.satsa.com/item/Timeless-Africa-Safaris,,,,,,,,
Timity-Travel-cc,http://www.satsa.com/item/Timity-Travel-cc,,,,,,,,
Tintswalo-Safari-Lodge,http://www.satsa.com/item/Tintswalo-Safari-Lodge,,,,,,,,
TITO-TRANS,http://www.satsa.com/item/TITO-TRANS,,,,,,,,
Tiveka-Game-Lodge,http://www.satsa.com/item/Tiveka-Game-Lodge,,,,,,,,
Toerboer,http://www.satsa.com/item/Toerboer,,,,,,,,
Top-Reizen,http://www.satsa.com/item/Top-Reizen,,,,,,,,
Top-Tours-Knysna,http://www.satsa.com/item/Top-Tours-Knysna,,,,,,,,
Totalstay-(PTY)-Ltd,http://www.satsa.com/item/Totalstay-(PTY)-Ltd,,,,,,,,
Touch-Down-DMC,http://www.satsa.com/item/Touch-Down-DMC,,,,,,,,
Touch-Lets-Go-Travel-and-Tours,http://www.satsa.com/item/Touch-Lets-Go-Travel-and-Tours,,,,,,,,
Tour-dAfrique,http://www.satsa.com/item/Tour-dAfrique,,,,,,,,
Touraco-Travel-Services-cc,http://www.satsa.com/item/Touraco-Travel-Services-cc,,,,,,,,
TourAfrika,http://www.satsa.com/item/TourAfrika,,,,,,,,
Tourism-That-Cares,http://www.satsa.com/item/Tourism-That-Cares,,,,,,,,
Tourplan-Africa,http://www.satsa.com/item/Tourplan-Africa,,,,,,,,
Tours-for-South-Africa,http://www.satsa.com/item/Tours-for-South-Africa,,,,,,,,
TourSA,http://www.satsa.com/item/TourSA,,,,,,,,
Tourvest-Destination-Management,http://www.satsa.com/item/Tourvest-Destination-Management,,,,,,,,
Trade-Routes-Travel-Management-Solutions-cc,http://www.satsa.com/item/Trade-Routes-Travel-Management-Solutions-cc,,,,,,,,
Trail-Tuned-Tours,http://www.satsa.com/item/Trail-Tuned-Tours,,,,,,,,
Trails-End-Bikes-Pty-Ltd,http://www.satsa.com/item/Trails-End-Bikes-Pty-Ltd,,,,,,,,
Trans-Africa-Safaris,http://www.satsa.com/item/Trans-Africa-Safaris,,,,,,,,
Transfrontier-Parks-Destinations-(Pty)-Ltd,http://www.satsa.com/item/Transfrontier-Parks-Destinations-(Pty)-Ltd,,,,,,,,
Travcare,http://www.satsa.com/item/Travcare,,,,,,,,
Travel-Bugz-Pty-Ltd,http://www.satsa.com/item/Travel-Bugz-Pty-Ltd,,,,,,,,
Travel-Designer-Africa,http://www.satsa.com/item/Travel-Designer-Africa,,,,,,,,
Travel-Exclusively-African-cc,http://www.satsa.com/item/Travel-Exclusively-African-cc,,,,,,,,
Travel-For-Change,http://www.satsa.com/item/Travel-For-Change,,,,,,,,
Travel-Juice,http://www.satsa.com/item/Travel-Juice,,,,,,,,
Travel-Kaapstad,http://www.satsa.com/item/Travel-Kaapstad,,,,,,,,
Travel-Republic-Africa,http://www.satsa.com/item/Travel-Republic-Africa,,,,,,,,
Travel-Tours-Cape-Town,http://www.satsa.com/item/Travel-Tours-Cape-Town,,,,,,,,
Travel-with-Marie-(Pty)-Ltd,http://www.satsa.com/item/Travel-with-Marie-(Pty)-Ltd,,,,,,,,
Travel-Your-African-Dream-(pty)-Ltd,http://www.satsa.com/item/Travel-Your-African-Dream-(pty)-Ltd,,,,,,,,
TravelGround-(Pty)-Ltd,http://www.satsa.com/item/TravelGround-(Pty)-Ltd,,,,,,,,
Travellingcheapskates,http://www.satsa.com/item/Travellingcheapskates,,,,,,,,
TravelPeople-cc,http://www.satsa.com/item/TravelPeople-cc,,,,,,,,
Travkor-(Pty)-Ltd,http://www.satsa.com/item/Travkor-(Pty)-Ltd,,,,,,,,
Travpaq-Tourism-Group-(Pty)-Ltd,http://www.satsa.com/item/Travpaq-Tourism-Group-(Pty)-Ltd,,,,,,,,
Tread-Lite-4x4-hire,http://www.satsa.com/item/Tread-Lite-4x4-hire,,,,,,,,
Tri-Active-Events-Management-cc,http://www.satsa.com/item/Tri-Active-Events-Management-cc,,,,,,,,
Tribe-Communications-cc,http://www.satsa.com/item/Tribe-Communications-cc,,,,,,,,
Tripfuser,http://www.satsa.com/item/Tripfuser,,,,,,,,
Tripmanagement-cc,http://www.satsa.com/item/Tripmanagement-cc,,,,,,,,
Tripos-Travel-Propriety-Limited,http://www.satsa.com/item/Tripos-Travel-Propriety-Limited,,,,,,,,
TriSport,http://www.satsa.com/item/TriSport,,,,,,,,
Triumph-Travel-(Pty)-Ltd,http://www.satsa.com/item/Triumph-Travel-(Pty)-Ltd,,,,,,,,
Tsheola-Dinare,http://www.satsa.com/item/Tsheola-Dinare,,,,,,,,
Tshuku-Transport-Services,http://www.satsa.com/item/Tshuku-Transport-Services,,,,,,,,
Tshukudu-Safaris-Pty-Ltd,http://www.satsa.com/item/Tshukudu-Safaris-Pty-Ltd,,,,,,,,
Tsitsikamma-Falls-Adventure-cc,http://www.satsa.com/item/Tsitsikamma-Falls-Adventure-cc,,,,,,,,
Tsitsikamma-Khoisan-Village,http://www.satsa.com/item/Tsitsikamma-Khoisan-Village,,,,,,,,
Tsitsikamma-Tourism-Association,http://www.satsa.com/item/Tsitsikamma-Tourism-Association,,,,,,,,
Tswalu-Kalahari-Reserve-(Pty)-Ltd,http://www.satsa.com/item/Tswalu-Kalahari-Reserve-(Pty)-Ltd,,,,,,,,
Tube-n-Axe-Backpackers-Lodge,http://www.satsa.com/item/Tube-n-Axe-Backpackers-Lodge,,,,,,,,
Turners-Destination-Management-Company,http://www.satsa.com/item/Turners-Destination-Management-Company,,,,,,,,
TUT-(Tshwane-University-of-Technology),http://www.satsa.com/item/TUT-(Tshwane-University-of-Technology),,,,,,,,
Tydon-African-Safaris-cc,http://www.satsa.com/item/Tydon-African-Safaris-cc,,,,,,,,
Tzaneen-Arborpark-Lodge-cc,http://www.satsa.com/item/Tzaneen-Arborpark-Lodge-cc,,,,,,,,
Tzaneen-Country-Lodge-cc,http://www.satsa.com/item/Tzaneen-Country-Lodge-cc,,,,,,,,
Ubizo-Events-and-Tours,http://www.satsa.com/item/Ubizo-Events-and-Tours,,,,,,,,
UCT-Breakwater-Lodge,http://www.satsa.com/item/UCT-Breakwater-Lodge,,,,,,,,
UCT-English-Language-Centre,http://www.satsa.com/item/UCT-English-Language-Centre,,,,,,,,
UGU-South-Coast-Tourism,http://www.satsa.com/item/UGU-South-Coast-Tourism,,,,,,,,
Uitkyk-Holidays,http://www.satsa.com/item/Uitkyk-Holidays,,,,,,,,
Ultimate-Routes,http://www.satsa.com/item/Ultimate-Routes,,,,,,,,
Ulysses-Tours-&-Safaris-cc,http://www.satsa.com/item/Ulysses-Tours-&-Safaris-cc,,,,,,,,
Umfulana-Individuelles-Reisen-cc,http://www.satsa.com/item/Umfulana-Individuelles-Reisen-cc,,,,,,,,
Umhluhluwe-Safaris,http://www.satsa.com/item/Umhluhluwe-Safaris,,,,,,,,
Umkhondo-Big5-and-Wildlife-Volunteering,http://www.satsa.com/item/Umkhondo-Big5-and-Wildlife-Volunteering,,,,,,,,
Umlani-Safaris-Pty-Ltd,http://www.satsa.com/item/Umlani-Safaris-Pty-Ltd,,,,,,,,
Under-Wild-Skies-Africa-(Pty)-Ltd,http://www.satsa.com/item/Under-Wild-Skies-Africa-(Pty)-Ltd,,,,,,,,
Unearth-Experience,http://www.satsa.com/item/Unearth-Experience,,,,,,,,
Urban-Ginga,http://www.satsa.com/item/Urban-Ginga,,,,,,,,
Urban-Hive-Backpackers,http://www.satsa.com/item/Urban-Hive-Backpackers,,,,,,,,
Uyaphi.com,http://www.satsa.com/item/Uyaphi.com,,,,,,,,
V&A-Waterfront,http://www.satsa.com/item/V&A-Waterfront,,,,,,,,
V2-Travels-(Pty)-Ltd,http://www.satsa.com/item/V2-Travels-(Pty)-Ltd,,,,,,,,
Value-Holidays-(Pty)-Ltd,http://www.satsa.com/item/Value-Holidays-(Pty)-Ltd,,,,,,,,
van-Wijk-Safaris,http://www.satsa.com/item/van-Wijk-Safaris,,,,,,,,
Vezimvelo-Horticulture-Travel-&-Projects,http://www.satsa.com/item/Vezimvelo-Horticulture-Travel-&-Projects,,,,,,,,
Vikea-Travel-and-Investment-(Pty)-Ltd,http://www.satsa.com/item/Vikea-Travel-and-Investment-(Pty)-Ltd,,,,,,,,
Village-and-Life-Sales-Platform-(Pty)-Ltd,http://www.satsa.com/item/Village-and-Life-Sales-Platform-(Pty)-Ltd,,,,,,,,
Villas-&-Hotels-for-Africa-(Pty)-Ltd,http://www.satsa.com/item/Villas-&-Hotels-for-Africa-(Pty)-Ltd,,,,,,,,
Vindigo-Travel,http://www.satsa.com/item/Vindigo-Travel,,,,,,,,
Vineyard-Ventures,http://www.satsa.com/item/Vineyard-Ventures,,,,,,,,
Vinkies-Tourism-Enterprise,http://www.satsa.com/item/Vinkies-Tourism-Enterprise,,,,,,,,
Visas-and-Passports-Unlimited,http://www.satsa.com/item/Visas-and-Passports-Unlimited,,,,,,,,
Vision-Africa-Travel-and-Investment-(Pty)-Ltd,http://www.satsa.com/item/Vision-Africa-Travel-and-Investment-(Pty)-Ltd,,,,,,,,
Viva-Safaris,http://www.satsa.com/item/Viva-Safaris,,,,,,,,
Volunteer-Southern-Africa,http://www.satsa.com/item/Volunteer-Southern-Africa,,,,,,,,
Vomba-Tours-&-Safaris,http://www.satsa.com/item/Vomba-Tours-&-Safaris,,,,,,,,
Vula-Tours-cc,http://www.satsa.com/item/Vula-Tours-cc,,,,,,,,
Vuntsi-Shuttle-services,http://www.satsa.com/item/Vuntsi-Shuttle-services,,,,,,,,
Walthers-Tours-(Pty)-Ltd,http://www.satsa.com/item/Walthers-Tours-(Pty)-Ltd,,,,,,,,
Wandering-Thru-(Pty)-Ltd,http://www.satsa.com/item/Wandering-Thru-(Pty)-Ltd,,,,,,,,
Wanderlust-Backpackers,http://www.satsa.com/item/Wanderlust-Backpackers,,,,,,,,
Wanyama-Safaris,http://www.satsa.com/item/Wanyama-Safaris,,,,,,,,
Warren-Marine-(Pty)-Ltd,http://www.satsa.com/item/Warren-Marine-(Pty)-Ltd,,,,,,,,
Warren-Marks-t/a-Cape-Town-Day-Tours,http://www.satsa.com/item/Warren-Marks-t/a-Cape-Town-Day-Tours,,,,,,,,
Wedgewood-Travel-South-Africa-(Pty)-Ltd,http://www.satsa.com/item/Wedgewood-Travel-South-Africa-(Pty)-Ltd,,,,,,,,
WESGRO,http://www.satsa.com/item/WESGRO,,,,,,,,
Wetu-Tourism-Solutions,http://www.satsa.com/item/Wetu-Tourism-Solutions,,,,,,,,
Where-It-All-Began,http://www.satsa.com/item/Where-It-All-Began,,,,,,,,
White-Elephant-Lodge-&-Bush-Camp-cc,http://www.satsa.com/item/White-Elephant-Lodge-&-Bush-Camp-cc,,,,,,,,
White-Shark-Diving-Company,http://www.satsa.com/item/White-Shark-Diving-Company,,,,,,,,
White-Shark-Projects-cc,http://www.satsa.com/item/White-Shark-Projects-cc,,,,,,,,
Why-Not-Travel..and-tour-cc,http://www.satsa.com/item/Why-Not-Travel..and-tour-cc,,,,,,,,
Wild-Farm,http://www.satsa.com/item/Wild-Farm,,,,,,,,
Wild-Spirit,http://www.satsa.com/item/Wild-Spirit,,,,,,,,
Wild-Wings-Safaris,http://www.satsa.com/item/Wild-Wings-Safaris,,,,,,,,
Wild-Wonderful-World-Ltd,http://www.satsa.com/item/Wild-Wonderful-World-Ltd,,,,,,,,
Wildcon-Safaris-&-Events,http://www.satsa.com/item/Wildcon-Safaris-&-Events,,,,,,,,
Wilderness-Safaris,http://www.satsa.com/item/Wilderness-Safaris,,,,,,,,
Wildlife-Adventures,http://www.satsa.com/item/Wildlife-Adventures,,,,,,,,
Wildlife-Safaris-(Pty)-Ltd,http://www.satsa.com/item/Wildlife-Safaris-(Pty)-Ltd,,,,,,,,
Wildlight-Safaris,http://www.satsa.com/item/Wildlight-Safaris,,,,,,,,
Wildman-Safaris,http://www.satsa.com/item/Wildman-Safaris,,,,,,,,
Wilds-of-Afrika,http://www.satsa.com/item/Wilds-of-Afrika,,,,,,,,
Wilro-Tours-&-Transfers-(Pty)-Ltd,http://www.satsa.com/item/Wilro-Tours-&-Transfers-(Pty)-Ltd,,,,,,,,
Window-Tours-&-Transfers-(Pty)-Ltd,http://www.satsa.com/item/Window-Tours-&-Transfers-(Pty)-Ltd,,,,,,,,
Wine-Flies-Wine-Tours-Pty-Ltd,http://www.satsa.com/item/Wine-Flies-Wine-Tours-Pty-Ltd,,,,,,,,
Wine-Valley-Horse-Trails,http://www.satsa.com/item/Wine-Valley-Horse-Trails,,,,,,,,
Winning-Solutions,http://www.satsa.com/item/Winning-Solutions,,,,,,,,
Wishing-For-Africa,http://www.satsa.com/item/Wishing-For-Africa,,,,,,,,
Wow-Travel-&-Tours,http://www.satsa.com/item/Wow-Travel-&-Tours,,,,,,,,
XO-Africa-Travel,http://www.satsa.com/item/XO-Africa-Travel,,,,,,,,
Xplore-English,http://www.satsa.com/item/Xplore-English,,,,,,,,
Yacoob-Yachts,http://www.satsa.com/item/Yacoob-Yachts,,,,,,,,
Yonkana-Africa-(Pty)-Ltd,http://www.satsa.com/item/Yonkana-Africa-(Pty)-Ltd,,,,,,,,
ZA-Trax,http://www.satsa.com/item/ZA-Trax,,,,,,,,
Zaf-Travel-and-Tourism,http://www.satsa.com/item/Zaf-Travel-and-Tourism,,,,,,,,
Zebula-Lodge,http://www.satsa.com/item/Zebula-Lodge,,,,,,,,
Zilko-Tours-&-Travel,http://www.satsa.com/item/Zilko-Tours-&-Travel,,,,,,,,
Zulu-Nyala-Game-Ranch-(Pty)-Ltd,http://www.satsa.com/item/Zulu-Nyala-Game-Ranch-(Pty)-Ltd,,,,,,,,
Zulwini-Safaris,http://www.satsa.com/item/Zulwini-Safaris,,,,,,,,
Yacoob-Yachts,http://www.satsa.com/item/Yacoob-Yachts,,,,,,,,
Zebula-Lodge,http://www.satsa.com/item/Zebula-Lodge,,,,,,,,
Zilko-Tours-&-Travel,http://www.satsa.com/item/Zilko-Tours-&-Travel,,,,,,,,
